Prediction,Groundtruth,station,lead_time,year,month,day
93.10813903808594,43.5,5.0,7,2018,6,2
92.67422485351562,115.9000015258789,9.0,7,2018,6,2
93.0788116455078,87.9000015258789,11.0,7,2018,6,2
93.10394287109376,123.5,13.0,7,2018,6,2
92.61489868164062,45.20000076293945,25.0,7,2018,6,2
92.06853485107422,31.700000762939453,29.0,7,2018,6,2
80.0550308227539,47.900001525878906,30.0,7,2018,6,2
49.32280731201172,36.5,32.0,7,2018,6,2
76.9128189086914,48.09999847412109,37.0,7,2018,6,2
53.106475830078125,65.5999984741211,38.0,7,2018,6,2
83.22956848144531,29.799999237060547,39.0,7,2018,6,2
92.95055389404295,112.1999969482422,44.0,7,2018,6,2
92.48836517333984,0.0,5.0,8,2018,6,2
93.04073333740234,196.1000061035156,9.0,8,2018,6,2
93.18749237060548,101.0,11.0,8,2018,6,2
93.1139144897461,188.1000061035156,13.0,8,2018,6,2
91.81269073486328,0.4000000059604645,25.0,8,2018,6,2
93.10202026367188,16.799999237060547,29.0,8,2018,6,2
59.573055267333984,0.0,30.0,8,2018,6,2
73.34687042236328,0.0,32.0,8,2018,6,2
63.14617919921875,0.0,37.0,8,2018,6,2
56.49742889404297,0.0,38.0,8,2018,6,2
59.10999298095703,0.0,39.0,8,2018,6,2
92.58554077148438,1.2000000476837158,44.0,8,2018,6,2
93.1445541381836,16.899999618530273,5.0,9,2018,6,2
93.1874008178711,81.0,9.0,9,2018,6,2
93.15348052978516,96.8000030517578,11.0,9,2018,6,2
92.965576171875,155.39999389648438,13.0,9,2018,6,2
93.06964874267578,36.29999923706055,25.0,9,2018,6,2
93.06635284423828,1.2000000476837158,29.0,9,2018,6,2
67.96483612060547,0.1000000014901161,30.0,9,2018,6,2
24.266212463378903,8.199999809265137,32.0,9,2018,6,2
35.06509017944336,2.5999999046325684,37.0,9,2018,6,2
47.47411346435547,0.0,38.0,9,2018,6,2
34.492576599121094,10.399999618530272,39.0,9,2018,6,2
92.5354232788086,4.800000190734863,44.0,9,2018,6,2
93.23081970214844,32.599998474121094,5.0,10,2018,6,2
93.07050323486328,19.899999618530277,9.0,10,2018,6,2
86.98400115966797,115.0,11.0,10,2018,6,2
93.22089385986328,61.70000076293945,13.0,10,2018,6,2
92.42366790771484,62.5,25.0,10,2018,6,2
93.15201568603516,118.1999969482422,29.0,10,2018,6,2
62.708740234375,18.0,30.0,10,2018,6,2
75.27301025390625,50.400001525878906,32.0,10,2018,6,2
87.37627410888672,45.5,37.0,10,2018,6,2
65.0981216430664,66.0,38.0,10,2018,6,2
84.39630889892578,60.5,39.0,10,2018,6,2
92.17034149169922,69.4000015258789,44.0,10,2018,6,2
92.95905303955078,40.70000076293945,5.0,11,2018,6,2
93.0522689819336,141.3000030517578,9.0,11,2018,6,2
93.0591812133789,122.1999969482422,11.0,11,2018,6,2
93.07238006591795,178.1999969482422,13.0,11,2018,6,2
92.95762634277344,81.0999984741211,25.0,11,2018,6,2
92.7103500366211,20.100000381469727,29.0,11,2018,6,2
87.7313232421875,70.9000015258789,30.0,11,2018,6,2
38.39022064208984,40.09999847412109,32.0,11,2018,6,2
72.95687103271484,28.399999618530277,37.0,11,2018,6,2
49.568397521972656,33.0,38.0,11,2018,6,2
44.39299774169922,44.09999847412109,39.0,11,2018,6,2
91.88531494140624,22.399999618530277,44.0,11,2018,6,2
92.81317901611328,0.0,5.0,12,2018,6,2
92.8608856201172,76.0999984741211,9.0,12,2018,6,2
93.1701202392578,29.299999237060547,11.0,12,2018,6,2
93.12342071533205,100.8000030517578,13.0,12,2018,6,2
92.85974884033205,0.0,25.0,12,2018,6,2
93.11891174316406,0.0,29.0,12,2018,6,2
75.59618377685547,6.099999904632568,30.0,12,2018,6,2
56.70670318603516,0.0,32.0,12,2018,6,2
40.654972076416016,0.0,37.0,12,2018,6,2
48.65826034545898,0.0,38.0,12,2018,6,2
48.23473358154297,0.0,39.0,12,2018,6,2
92.3149185180664,0.0,44.0,12,2018,6,2
77.8969497680664,63.900001525878906,5.0,13,2018,6,2
90.77149200439452,93.1999969482422,9.0,13,2018,6,2
93.21704864501952,132.6999969482422,11.0,13,2018,6,2
93.13550567626952,127.6999969482422,13.0,13,2018,6,2
93.16170501708984,84.0,25.0,13,2018,6,2
93.05848693847656,36.59999847412109,29.0,13,2018,6,2
62.01214599609375,16.299999237060547,30.0,13,2018,6,2
57.38542175292969,10.5,32.0,13,2018,6,2
58.353248596191406,10.300000190734863,37.0,13,2018,6,2
50.793418884277344,4.5,38.0,13,2018,6,2
48.06883239746094,12.199999809265137,39.0,13,2018,6,2
92.75220489501952,4.800000190734863,44.0,13,2018,6,2
92.9522933959961,32.099998474121094,5.0,14,2018,6,2
92.86333465576172,26.0,9.0,14,2018,6,2
93.2112045288086,17.799999237060547,11.0,14,2018,6,2
93.09839630126952,61.900001525878906,13.0,14,2018,6,2
93.0677261352539,67.0999984741211,25.0,14,2018,6,2
93.08916473388672,129.6999969482422,29.0,14,2018,6,2
90.34675598144533,28.799999237060547,30.0,14,2018,6,2
54.317909240722656,60.20000076293945,32.0,14,2018,6,2
37.07888412475586,37.900001525878906,37.0,14,2018,6,2
54.0747184753418,53.5,38.0,14,2018,6,2
40.86854934692383,16.700000762939453,39.0,14,2018,6,2
92.61628723144533,116.3000030517578,44.0,14,2018,6,2
58.1981201171875,79.9000015258789,5.0,15,2018,6,2
61.70029067993164,108.9000015258789,9.0,15,2018,6,2
93.0042495727539,65.4000015258789,11.0,15,2018,6,2
92.69139862060548,136.39999389648438,13.0,15,2018,6,2
91.68038177490234,108.5999984741211,25.0,15,2018,6,2
93.10681915283205,97.3000030517578,29.0,15,2018,6,2
61.41598510742188,96.6999969482422,30.0,15,2018,6,2
55.226318359375,73.80000305175781,32.0,15,2018,6,2
41.02401351928711,73.4000015258789,37.0,15,2018,6,2
20.24518203735352,31.200000762939453,38.0,15,2018,6,2
40.6053466796875,48.400001525878906,39.0,15,2018,6,2
91.84011840820312,27.700000762939453,44.0,15,2018,6,2
93.10018157958984,33.79999923706055,5.0,16,2018,6,2
93.06763458251952,96.0,9.0,16,2018,6,2
92.98656463623048,210.8999938964844,11.0,16,2018,6,2
92.58415222167967,41.0,13.0,16,2018,6,2
92.77071380615234,20.5,25.0,16,2018,6,2
93.10379028320312,24.5,29.0,16,2018,6,2
63.90151977539063,17.600000381469727,30.0,16,2018,6,2
64.69701385498047,42.79999923706055,32.0,16,2018,6,2
89.6919174194336,113.5,37.0,16,2018,6,2
55.02850341796875,1.7000000476837158,38.0,16,2018,6,2
89.74970245361328,7.300000190734863,39.0,16,2018,6,2
92.11490631103516,17.600000381469727,44.0,16,2018,6,2
93.20191192626952,67.4000015258789,5.0,17,2018,6,2
93.1431121826172,83.5,9.0,17,2018,6,2
93.21604919433594,107.4000015258789,11.0,17,2018,6,2
93.16309356689452,130.89999389648438,13.0,17,2018,6,2
93.1506576538086,109.5999984741211,25.0,17,2018,6,2
92.6444854736328,38.29999923706055,29.0,17,2018,6,2
63.617794036865234,48.0,30.0,17,2018,6,2
61.7470932006836,2.299999952316284,32.0,17,2018,6,2
91.91484832763672,7.699999809265137,37.0,17,2018,6,2
40.41753005981445,4.5,38.0,17,2018,6,2
44.62958526611328,2.799999952316284,39.0,17,2018,6,2
92.49226379394533,13.0,44.0,17,2018,6,2
93.0889129638672,21.700000762939453,5.0,18,2018,6,2
93.07862091064452,7.900000095367432,9.0,18,2018,6,2
92.55267333984376,17.5,11.0,18,2018,6,2
93.11383056640624,16.899999618530273,13.0,18,2018,6,2
93.06388092041016,16.5,25.0,18,2018,6,2
93.14252471923828,28.100000381469727,29.0,18,2018,6,2
85.1558609008789,27.5,30.0,18,2018,6,2
88.26563262939453,48.70000076293945,32.0,18,2018,6,2
90.6467514038086,18.5,37.0,18,2018,6,2
69.22106170654297,16.5,38.0,18,2018,6,2
79.0163345336914,16.700000762939453,39.0,18,2018,6,2
93.20124053955078,86.4000015258789,44.0,18,2018,6,2
92.99610137939452,58.0,5.0,19,2018,6,2
93.04205322265624,87.5,9.0,19,2018,6,2
92.7800064086914,72.19999694824219,11.0,19,2018,6,2
93.210693359375,101.4000015258789,13.0,19,2018,6,2
93.18151092529295,58.5,25.0,19,2018,6,2
92.4619369506836,102.0,29.0,19,2018,6,2
77.7571029663086,38.09999847412109,30.0,19,2018,6,2
42.86711120605469,57.29999923706055,32.0,19,2018,6,2
67.18909454345703,57.20000076293945,37.0,19,2018,6,2
60.321044921875,33.0,38.0,19,2018,6,2
52.73793029785156,26.200000762939453,39.0,19,2018,6,2
61.298118591308594,23.799999237060547,44.0,19,2018,6,2
81.70386505126953,33.79999923706055,5.0,20,2018,6,2
89.44586944580078,92.0,9.0,20,2018,6,2
93.21631622314452,201.3000030517578,11.0,20,2018,6,2
93.0034408569336,34.099998474121094,13.0,20,2018,6,2
92.39434814453124,20.5,25.0,20,2018,6,2
92.9118881225586,24.5,29.0,20,2018,6,2
40.10606384277344,11.5,30.0,20,2018,6,2
47.65135955810547,42.79999923706055,32.0,20,2018,6,2
41.320579528808594,113.5,37.0,20,2018,6,2
46.78895568847656,1.7000000476837158,38.0,20,2018,6,2
43.20291519165039,7.300000190734863,39.0,20,2018,6,2
92.68004608154295,17.600000381469727,44.0,20,2018,6,2
92.99152374267578,20.399999618530277,5.0,21,2018,6,2
93.05907440185548,45.70000076293945,9.0,21,2018,6,2
93.0246810913086,35.29999923706055,11.0,21,2018,6,2
93.12039184570312,69.5,13.0,21,2018,6,2
92.72521209716795,73.5,25.0,21,2018,6,2
93.16875457763672,2.900000095367432,29.0,21,2018,6,2
61.09578323364258,36.400001525878906,30.0,21,2018,6,2
38.51802062988281,0.0,32.0,21,2018,6,2
53.27050018310547,0.0,37.0,21,2018,6,2
53.328250885009766,1.0,38.0,21,2018,6,2
41.54620742797852,1.0,39.0,21,2018,6,2
92.6216812133789,13.0,44.0,21,2018,6,2
92.82443237304688,0.0,5.0,22,2018,6,2
92.99385833740234,51.29999923706055,9.0,22,2018,6,2
93.2033462524414,66.69999694824219,11.0,22,2018,6,2
93.02083587646484,56.0,13.0,22,2018,6,2
92.76751708984376,0.0,25.0,22,2018,6,2
92.94368743896484,0.0,29.0,22,2018,6,2
81.16027069091797,20.0,30.0,22,2018,6,2
28.782611846923828,69.30000305175781,32.0,22,2018,6,2
65.9639892578125,25.100000381469727,37.0,22,2018,6,2
34.67670440673828,1.7999999523162842,38.0,22,2018,6,2
33.6404914855957,25.399999618530277,39.0,22,2018,6,2
91.68555450439452,0.0,44.0,22,2018,6,2
92.99432373046876,109.9000015258789,5.0,23,2018,6,2
92.97737884521484,214.3999938964844,9.0,23,2018,6,2
92.96782684326172,425.2000122070313,11.0,23,2018,6,2
93.1942367553711,411.2999877929688,13.0,23,2018,6,2
92.84553527832033,130.5,25.0,23,2018,6,2
93.16754150390624,78.9000015258789,29.0,23,2018,6,2
69.93319702148438,101.5,30.0,23,2018,6,2
64.30480194091797,52.0,32.0,23,2018,6,2
64.23165893554688,58.900001525878906,37.0,23,2018,6,2
60.95392608642578,60.79999923706055,38.0,23,2018,6,2
54.94477081298828,54.5,39.0,23,2018,6,2
92.49832916259766,25.799999237060547,44.0,23,2018,6,2
92.65534973144533,20.100000381469727,5.0,24,2018,6,2
92.61304473876952,95.3000030517578,9.0,24,2018,6,2
93.06989288330078,96.8000030517578,11.0,24,2018,6,2
92.95967864990234,188.8999938964844,13.0,24,2018,6,2
92.67757415771484,0.0,25.0,24,2018,6,2
92.7464370727539,0.0,29.0,24,2018,6,2
80.97460174560547,0.0,30.0,24,2018,6,2
44.803016662597656,0.0,32.0,24,2018,6,2
61.61052703857422,0.0,37.0,24,2018,6,2
34.7230224609375,0.0,38.0,24,2018,6,2
30.04745101928711,0.0,39.0,24,2018,6,2
92.35992431640624,0.0,44.0,24,2018,6,2
92.67557525634766,1.7999999523162842,5.0,25,2018,6,2
93.123046875,134.6999969482422,9.0,25,2018,6,2
93.20142364501952,77.9000015258789,11.0,25,2018,6,2
93.08629608154295,171.89999389648438,13.0,25,2018,6,2
91.92121124267578,12.899999618530272,25.0,25,2018,6,2
92.98632049560548,0.5,29.0,25,2018,6,2
81.76392364501953,4.599999904632568,30.0,25,2018,6,2
49.64348602294922,0.0,32.0,25,2018,6,2
63.32040786743164,0.0,37.0,25,2018,6,2
55.8464241027832,1.0,38.0,25,2018,6,2
57.87310028076172,0.0,39.0,25,2018,6,2
92.90897369384766,0.0,44.0,25,2018,6,2
93.02497100830078,1.7999999523162842,5.0,26,2018,6,2
92.79720306396484,95.5999984741211,9.0,26,2018,6,2
92.72356414794922,233.3000030517578,11.0,26,2018,6,2
93.1743392944336,134.10000610351562,13.0,26,2018,6,2
91.9104461669922,5.5,25.0,26,2018,6,2
92.29212951660156,3.700000047683716,29.0,26,2018,6,2
58.63619613647461,35.0,30.0,26,2018,6,2
43.967681884765625,69.30000305175781,32.0,26,2018,6,2
67.4785385131836,40.5,37.0,26,2018,6,2
24.21863174438477,25.899999618530277,38.0,26,2018,6,2
48.79463577270508,28.5,39.0,26,2018,6,2
91.33269500732422,0.0,44.0,26,2018,6,2
92.8717269897461,112.4000015258789,5.0,27,2018,6,2
92.91227722167967,221.3000030517578,9.0,27,2018,6,2
92.97771453857422,411.7000122070313,11.0,27,2018,6,2
92.95704650878906,398.2999877929688,13.0,27,2018,6,2
92.16045379638672,123.0999984741211,25.0,27,2018,6,2
92.65848541259766,90.6999969482422,29.0,27,2018,6,2
88.9941177368164,123.0,30.0,27,2018,6,2
57.703460693359375,75.5,32.0,27,2018,6,2
90.3369369506836,78.0,37.0,27,2018,6,2
69.56062316894531,60.09999847412109,38.0,27,2018,6,2
80.26306915283203,53.400001525878906,39.0,27,2018,6,2
92.73120880126952,44.5,44.0,27,2018,6,2
91.76258087158205,20.600000381469727,5.0,28,2018,6,2
91.63056182861328,113.5,9.0,28,2018,6,2
93.22687530517578,106.5,11.0,28,2018,6,2
93.05159759521484,205.6999969482422,13.0,28,2018,6,2
92.11244201660156,0.0,25.0,28,2018,6,2
93.1345443725586,0.0,29.0,28,2018,6,2
68.39183044433594,0.0,30.0,28,2018,6,2
56.9515380859375,0.0,32.0,28,2018,6,2
66.36791229248047,0.0,37.0,28,2018,6,2
39.08480453491211,0.0,38.0,28,2018,6,2
43.00324249267578,0.0,39.0,28,2018,6,2
92.57373046875,0.0,44.0,28,2018,6,2
93.13228607177734,3.900000095367432,5.0,29,2018,6,2
93.16085052490234,143.8000030517578,9.0,29,2018,6,2
93.12577056884766,70.5999984741211,11.0,29,2018,6,2
92.88428497314452,194.8999938964844,13.0,29,2018,6,2
92.97188568115234,1.600000023841858,25.0,29,2018,6,2
93.13301849365234,1.600000023841858,29.0,29,2018,6,2
57.0809326171875,0.0,30.0,29,2018,6,2
55.4815673828125,0.0,32.0,29,2018,6,2
53.18063735961914,0.0,37.0,29,2018,6,2
27.3976993560791,3.200000047683716,38.0,29,2018,6,2
51.48657989501953,0.0,39.0,29,2018,6,2
93.11431121826172,0.0,44.0,29,2018,6,2
93.12799835205078,8.5,5.0,30,2018,6,2
93.21971893310548,99.4000015258789,9.0,30,2018,6,2
92.42908477783205,175.60000610351562,11.0,30,2018,6,2
93.1945571899414,141.0,13.0,30,2018,6,2
93.06282043457033,32.20000076293945,25.0,30,2018,6,2
93.2246322631836,8.0,29.0,30,2018,6,2
73.82283020019531,16.200000762939453,30.0,30,2018,6,2
82.67045593261719,0.0,32.0,30,2018,6,2
71.3119125366211,15.399999618530272,37.0,30,2018,6,2
46.49864959716797,29.5,38.0,30,2018,6,2
57.925872802734375,3.700000047683716,39.0,30,2018,6,2
92.59315490722656,0.0,44.0,30,2018,6,2
93.1036376953125,11.100000381469728,5.0,31,2018,6,2
93.02476501464844,101.6999969482422,9.0,31,2018,6,2
92.97174835205078,78.69999694824219,11.0,31,2018,6,2
93.12210845947266,87.30000305175781,13.0,31,2018,6,2
92.9190444946289,14.300000190734863,25.0,31,2018,6,2
92.5637664794922,28.299999237060547,29.0,31,2018,6,2
76.05738067626953,24.799999237060547,30.0,31,2018,6,2
38.5818977355957,26.700000762939453,32.0,31,2018,6,2
68.92986297607422,21.700000762939453,37.0,31,2018,6,2
43.21563720703125,9.100000381469728,38.0,31,2018,6,2
39.029972076416016,7.699999809265137,39.0,31,2018,6,2
89.95674896240234,18.700000762939453,44.0,31,2018,6,2
92.33626556396484,56.400001525878906,5.0,32,2018,6,2
92.91161346435548,38.70000076293945,9.0,32,2018,6,2
93.18453216552734,73.80000305175781,11.0,32,2018,6,2
93.11331939697266,18.0,13.0,32,2018,6,2
92.5583267211914,57.59999847412109,25.0,32,2018,6,2
93.09786224365234,33.599998474121094,29.0,32,2018,6,2
74.28832244873047,30.299999237060547,30.0,32,2018,6,2
58.27992248535156,63.900001525878906,32.0,32,2018,6,2
46.23576354980469,73.4000015258789,37.0,32,2018,6,2
65.65865325927734,10.399999618530272,38.0,32,2018,6,2
40.5942611694336,27.5,39.0,32,2018,6,2
92.68119049072266,40.59999847412109,44.0,32,2018,6,2
93.17668914794922,34.400001525878906,5.0,33,2018,6,2
92.93704986572266,113.3000030517578,9.0,33,2018,6,2
93.09175872802734,11.199999809265137,11.0,33,2018,6,2
93.1704330444336,63.59999847412109,13.0,33,2018,6,2
92.99864959716795,91.6999969482422,25.0,33,2018,6,2
93.03595733642578,13.699999809265137,29.0,33,2018,6,2
60.05499267578125,0.0,30.0,33,2018,6,2
60.64826202392578,2.0999999046325684,32.0,33,2018,6,2
45.34120559692383,31.399999618530277,37.0,33,2018,6,2
55.26988983154297,3.200000047683716,38.0,33,2018,6,2
54.54586791992188,15.0,39.0,33,2018,6,2
92.64054870605467,24.899999618530277,44.0,33,2018,6,2
91.3991241455078,16.0,5.0,34,2018,6,2
92.89498138427734,86.5,9.0,34,2018,6,2
93.18219757080078,46.5,11.0,34,2018,6,2
93.0789031982422,107.0999984741211,13.0,34,2018,6,2
93.09000396728516,44.59999847412109,25.0,34,2018,6,2
92.90410614013672,9.699999809265137,29.0,34,2018,6,2
65.40513610839844,1.2000000476837158,30.0,34,2018,6,2
41.825965881347656,0.0,32.0,34,2018,6,2
32.603477478027344,0.0,37.0,34,2018,6,2
50.72320175170898,5.400000095367432,38.0,34,2018,6,2
41.94865417480469,0.6000000238418579,39.0,34,2018,6,2
92.30513763427734,0.0,44.0,34,2018,6,2
93.13871002197266,2.0,5.0,35,2018,6,2
93.0623550415039,79.30000305175781,9.0,35,2018,6,2
93.11400604248048,67.69999694824219,11.0,35,2018,6,2
93.20226287841795,48.400001525878906,13.0,35,2018,6,2
93.14298248291016,145.89999389648438,25.0,35,2018,6,2
93.13549041748048,11.899999618530272,29.0,35,2018,6,2
66.61507415771484,1.899999976158142,30.0,35,2018,6,2
49.56616973876953,1.2999999523162842,32.0,35,2018,6,2
79.54450225830078,3.200000047683716,37.0,35,2018,6,2
43.071533203125,2.0,38.0,35,2018,6,2
49.1455078125,0.0,39.0,35,2018,6,2
86.5266342163086,0.0,44.0,35,2018,6,2
93.17676544189452,73.0999984741211,5.0,36,2018,6,2
93.20626068115234,91.3000030517578,9.0,36,2018,6,2
93.1490249633789,82.5999984741211,11.0,36,2018,6,2
93.14190673828124,55.70000076293945,13.0,36,2018,6,2
93.07546997070312,80.30000305175781,25.0,36,2018,6,2
93.19856262207033,61.59999847412109,29.0,36,2018,6,2
73.27234649658203,40.09999847412109,30.0,36,2018,6,2
84.20459747314453,103.6999969482422,32.0,36,2018,6,2
85.98233795166016,100.0999984741211,37.0,36,2018,6,2
74.27008819580078,36.400001525878906,38.0,36,2018,6,2
71.97464752197266,62.400001525878906,39.0,36,2018,6,2
93.0348892211914,130.6999969482422,44.0,36,2018,6,2
93.12781524658205,75.19999694824219,5.0,37,2018,6,2
93.14875030517578,135.8000030517578,9.0,37,2018,6,2
93.08482360839844,56.0,11.0,37,2018,6,2
93.11443328857422,112.5999984741211,13.0,37,2018,6,2
92.814208984375,161.39999389648438,25.0,37,2018,6,2
93.1932601928711,25.799999237060547,29.0,37,2018,6,2
59.290557861328125,16.600000381469727,30.0,37,2018,6,2
46.530860900878906,2.0999999046325684,32.0,37,2018,6,2
69.26919555664062,35.900001525878906,37.0,37,2018,6,2
47.4620361328125,26.399999618530277,38.0,37,2018,6,2
67.48954010009766,15.0,39.0,37,2018,6,2
90.39168548583984,27.5,44.0,37,2018,6,2
93.12349700927734,9.300000190734863,5.0,38,2018,6,2
92.9833984375,63.400001525878906,9.0,38,2018,6,2
93.13737487792967,140.8000030517578,11.0,38,2018,6,2
93.06307983398438,130.5,13.0,38,2018,6,2
93.13916778564452,44.5,25.0,38,2018,6,2
91.60662841796876,56.29999923706055,29.0,38,2018,6,2
74.98282623291016,0.0,30.0,38,2018,6,2
43.23417663574219,14.5,32.0,38,2018,6,2
82.78987884521484,0.0,37.0,38,2018,6,2
45.914695739746094,0.0,38.0,38,2018,6,2
51.58534240722656,0.0,39.0,38,2018,6,2
90.1987533569336,5.900000095367432,44.0,38,2018,6,2
90.25275421142578,8.399999618530273,5.0,39,2018,6,2
92.616455078125,88.5,9.0,39,2018,6,2
93.2182388305664,74.80000305175781,11.0,39,2018,6,2
93.0103988647461,110.0,13.0,39,2018,6,2
92.89522552490234,225.3999938964844,25.0,39,2018,6,2
93.0596694946289,18.799999237060547,29.0,39,2018,6,2
58.987213134765625,28.700000762939453,30.0,39,2018,6,2
34.67998504638672,48.0,32.0,39,2018,6,2
41.90438461303711,25.5,37.0,39,2018,6,2
43.3359603881836,6.300000190734863,38.0,39,2018,6,2
41.03854751586914,4.900000095367432,39.0,39,2018,6,2
92.80267333984376,6.0,44.0,39,2018,6,2
84.93314361572266,29.100000381469727,5.0,40,2018,6,2
91.8246612548828,127.1999969482422,9.0,40,2018,6,2
93.1990203857422,58.400001525878906,11.0,40,2018,6,2
93.17867279052734,181.1000061035156,13.0,40,2018,6,2
92.74693298339844,35.5,25.0,40,2018,6,2
93.1607894897461,28.5,29.0,40,2018,6,2
63.72435760498047,11.399999618530272,30.0,40,2018,6,2
81.65848541259766,41.70000076293945,32.0,40,2018,6,2
79.64781951904297,26.700000762939453,37.0,40,2018,6,2
56.07852554321289,26.0,38.0,40,2018,6,2
57.35209274291992,34.900001525878906,39.0,40,2018,6,2
91.6017608642578,90.0999984741211,44.0,40,2018,6,2
93.02912139892578,65.19999694824219,5.0,41,2018,6,2
93.13129425048828,105.5999984741211,9.0,41,2018,6,2
93.15129852294922,98.3000030517578,11.0,41,2018,6,2
93.1701202392578,169.60000610351562,13.0,41,2018,6,2
93.0595932006836,102.5999984741211,25.0,41,2018,6,2
93.17811584472656,13.199999809265137,29.0,41,2018,6,2
74.89557647705078,16.600000381469727,30.0,41,2018,6,2
60.4102668762207,0.0,32.0,41,2018,6,2
43.94191360473633,4.5,37.0,41,2018,6,2
49.432579040527344,26.399999618530277,38.0,41,2018,6,2
54.20616149902344,0.0,39.0,41,2018,6,2
93.02352142333984,2.5999999046325684,44.0,41,2018,6,2
92.65210723876952,11.0,5.0,42,2018,6,2
92.96210479736328,39.900001525878906,9.0,42,2018,6,2
92.63629913330078,103.3000030517578,11.0,42,2018,6,2
92.5698471069336,92.4000015258789,13.0,42,2018,6,2
93.08016204833984,50.0,25.0,42,2018,6,2
92.33869171142578,65.5,29.0,42,2018,6,2
85.11312103271484,21.600000381469727,30.0,42,2018,6,2
52.69422149658203,135.10000610351562,32.0,42,2018,6,2
62.03634643554688,27.399999618530277,37.0,42,2018,6,2
54.71509552001953,29.700000762939453,38.0,42,2018,6,2
59.57958984375,35.0,39.0,42,2018,6,2
92.71562957763672,33.5,44.0,42,2018,6,2
93.14989471435548,9.600000381469728,5.0,43,2018,6,2
93.0908203125,56.70000076293945,9.0,43,2018,6,2
92.50157928466795,41.79999923706055,11.0,43,2018,6,2
92.52655792236328,102.5999984741211,13.0,43,2018,6,2
90.67098236083984,226.0,25.0,43,2018,6,2
93.05724334716795,10.199999809265137,29.0,43,2018,6,2
62.7121696472168,28.600000381469727,30.0,43,2018,6,2
80.7577133178711,50.09999847412109,32.0,43,2018,6,2
67.24749755859375,24.399999618530277,37.0,43,2018,6,2
80.42748260498047,9.100000381469728,38.0,43,2018,6,2
61.37812805175781,6.0,39.0,43,2018,6,2
92.82831573486328,26.899999618530277,44.0,43,2018,6,2
77.02035522460938,20.899999618530277,5.0,44,2018,6,2
80.91873931884766,143.0,9.0,44,2018,6,2
93.19359588623048,86.80000305175781,11.0,44,2018,6,2
93.16677856445312,232.3000030517578,13.0,44,2018,6,2
92.03165435791016,25.399999618530277,25.0,44,2018,6,2
93.16095733642578,9.800000190734863,29.0,44,2018,6,2
67.35700988769531,3.700000047683716,30.0,44,2018,6,2
60.42818069458008,1.899999976158142,32.0,44,2018,6,2
47.26943206787109,0.0,37.0,44,2018,6,2
42.85561752319336,1.2000000476837158,38.0,44,2018,6,2
52.38899612426758,0.5,39.0,44,2018,6,2
92.66312408447266,0.0,44.0,44,2018,6,2
93.006591796875,66.80000305175781,5.0,45,2018,6,2
93.1570053100586,168.6999969482422,9.0,45,2018,6,2
93.24250793457033,243.8000030517578,11.0,45,2018,6,2
93.12291717529295,222.0,13.0,45,2018,6,2
93.18115997314452,86.30000305175781,25.0,45,2018,6,2
92.16336822509766,49.400001525878906,29.0,45,2018,6,2
76.38750457763672,36.29999923706055,30.0,45,2018,6,2
43.427642822265625,42.5,32.0,45,2018,6,2
61.00593185424805,24.700000762939453,37.0,45,2018,6,2
50.52118682861328,26.799999237060547,38.0,45,2018,6,2
47.42744827270508,29.299999237060547,39.0,45,2018,6,2
90.23426055908205,18.899999618530277,44.0,45,2018,6,2
92.81458282470705,11.0,5.0,46,2018,6,2
90.2918472290039,7.900000095367432,9.0,46,2018,6,2
92.57437896728516,0.0,11.0,46,2018,6,2
92.2910614013672,9.800000190734863,13.0,46,2018,6,2
84.34087371826172,23.399999618530277,25.0,46,2018,6,2
88.86588287353516,14.600000381469728,29.0,46,2018,6,2
60.82997894287109,21.600000381469727,30.0,46,2018,6,2
69.8375473022461,120.5999984741211,32.0,46,2018,6,2
89.59192657470703,27.399999618530277,37.0,46,2018,6,2
52.2376708984375,29.700000762939453,38.0,46,2018,6,2
42.023284912109375,35.0,39.0,46,2018,6,2
92.4027328491211,27.600000381469727,44.0,46,2018,6,2
91.5473403930664,8.899999618530273,5.0,7,2019,6,2
92.61275482177734,6.800000190734863,9.0,7,2019,6,2
92.3680191040039,84.5,11.0,7,2019,6,2
91.91920471191406,50.09999847412109,13.0,7,2019,6,2
84.70787811279297,158.39999389648438,25.0,7,2019,6,2
92.01141357421876,27.5,29.0,7,2019,6,2
74.02031707763672,16.700000762939453,30.0,7,2019,6,2
52.09026336669922,55.79999923706055,32.0,7,2019,6,2
63.7119140625,41.79999923706055,37.0,7,2019,6,2
59.57136154174805,23.399999618530277,38.0,7,2019,6,2
42.64891052246094,52.20000076293945,39.0,7,2019,6,2
90.31243133544922,127.1999969482422,44.0,7,2019,6,2
90.27302551269533,65.80000305175781,5.0,8,2019,6,2
92.37271881103516,150.1999969482422,9.0,8,2019,6,2
93.0699691772461,130.3000030517578,11.0,8,2019,6,2
92.6369400024414,152.60000610351562,13.0,8,2019,6,2
91.26297760009766,63.79999923706055,25.0,8,2019,6,2
92.6905746459961,31.600000381469727,29.0,8,2019,6,2
83.75989532470703,103.5999984741211,30.0,8,2019,6,2
57.50128936767578,8.600000381469727,32.0,8,2019,6,2
84.17774200439453,2.200000047683716,37.0,8,2019,6,2
57.02550506591797,1.2000000476837158,38.0,8,2019,6,2
53.349159240722656,34.0,39.0,8,2019,6,2
77.39244079589844,15.899999618530272,44.0,8,2019,6,2
93.1769790649414,44.5,5.0,9,2019,6,2
93.06861114501952,140.0,9.0,9,2019,6,2
92.9469985961914,246.0,11.0,9,2019,6,2
93.1492691040039,151.5,13.0,9,2019,6,2
92.8009262084961,54.20000076293945,25.0,9,2019,6,2
93.12173461914062,49.400001525878906,29.0,9,2019,6,2
60.16655731201172,42.0,30.0,9,2019,6,2
55.60078048706055,42.5,32.0,9,2019,6,2
64.058837890625,56.400001525878906,37.0,9,2019,6,2
47.85455322265625,26.799999237060547,38.0,9,2019,6,2
49.66539764404297,32.5,39.0,9,2019,6,2
92.3916473388672,27.200000762939453,44.0,9,2019,6,2
93.08850860595705,0.0,5.0,10,2019,6,2
92.75077056884766,42.20000076293945,9.0,10,2019,6,2
93.15068817138672,48.20000076293945,11.0,10,2019,6,2
92.95246124267578,60.0,13.0,10,2019,6,2
78.98600769042969,3.200000047683716,25.0,10,2019,6,2
90.96231079101562,0.0,29.0,10,2019,6,2
74.58966827392578,0.0,30.0,10,2019,6,2
39.47525024414063,0.0,32.0,10,2019,6,2
53.88909149169922,0.0,37.0,10,2019,6,2
48.52775573730469,0.0,38.0,10,2019,6,2
35.76495742797852,0.0,39.0,10,2019,6,2
92.4173355102539,0.0,44.0,10,2019,6,2
93.04047393798828,50.20000076293945,5.0,11,2019,6,2
90.74175262451172,36.0,9.0,11,2019,6,2
92.63115692138672,92.0999984741211,11.0,11,2019,6,2
92.3486557006836,59.79999923706055,13.0,11,2019,6,2
60.768585205078125,98.5999984741211,25.0,11,2019,6,2
62.77142333984375,63.79999923706055,29.0,11,2019,6,2
53.966087341308594,79.9000015258789,30.0,11,2019,6,2
64.74269104003906,272.20001220703125,32.0,11,2019,6,2
51.39051055908203,143.8000030517578,37.0,11,2019,6,2
50.60185241699219,94.4000015258789,38.0,11,2019,6,2
35.793052673339844,254.0,39.0,11,2019,6,2
92.2964859008789,477.0,44.0,11,2019,6,2
92.80143737792967,56.79999923706055,5.0,12,2019,6,2
93.10123443603516,108.1999969482422,9.0,12,2019,6,2
93.023681640625,91.8000030517578,11.0,12,2019,6,2
92.75196075439452,80.30000305175781,13.0,12,2019,6,2
93.07909393310548,51.20000076293945,25.0,12,2019,6,2
93.0389175415039,39.79999923706055,29.0,12,2019,6,2
60.54317474365234,101.5,30.0,12,2019,6,2
40.51500701904297,9.5,32.0,12,2019,6,2
46.46295928955078,2.200000047683716,37.0,12,2019,6,2
39.33273315429688,0.0,38.0,12,2019,6,2
43.74443817138672,63.0,39.0,12,2019,6,2
92.56421661376952,21.5,44.0,12,2019,6,2
93.12055206298828,20.899999618530277,5.0,13,2019,6,2
93.1628646850586,117.5999984741211,9.0,13,2019,6,2
93.02052307128906,139.39999389648438,11.0,13,2019,6,2
92.97440338134766,122.8000030517578,13.0,13,2019,6,2
92.89588928222656,22.100000381469727,25.0,13,2019,6,2
92.94856262207033,34.400001525878906,29.0,13,2019,6,2
75.72714233398438,43.79999923706055,30.0,13,2019,6,2
56.32099151611328,0.0,32.0,13,2019,6,2
59.82600784301758,31.700000762939453,37.0,13,2019,6,2
47.942626953125,18.600000381469727,38.0,13,2019,6,2
40.37712860107422,13.699999809265137,39.0,13,2019,6,2
93.0271224975586,11.5,44.0,13,2019,6,2
93.0214614868164,61.900001525878906,5.0,14,2019,6,2
92.9880599975586,88.4000015258789,9.0,14,2019,6,2
93.17743682861328,140.6999969482422,11.0,14,2019,6,2
93.16779327392578,131.39999389648438,13.0,14,2019,6,2
92.6416473388672,74.19999694824219,25.0,14,2019,6,2
93.09278106689452,57.70000076293945,29.0,14,2019,6,2
80.1484603881836,28.399999618530277,30.0,14,2019,6,2
42.93583679199219,14.800000190734863,32.0,14,2019,6,2
50.83370590209961,25.700000762939453,37.0,14,2019,6,2
56.450870513916016,96.5999984741211,38.0,14,2019,6,2
39.46609115600586,33.400001525878906,39.0,14,2019,6,2
92.7491455078125,58.29999923706055,44.0,14,2019,6,2
93.04901885986328,66.5,5.0,15,2019,6,2
92.49807739257812,37.09999847412109,9.0,15,2019,6,2
92.93167877197266,44.70000076293945,11.0,15,2019,6,2
92.6053237915039,53.400001525878906,13.0,15,2019,6,2
65.9374008178711,144.8000030517578,25.0,15,2019,6,2
92.732421875,95.8000030517578,29.0,15,2019,6,2
55.16397857666016,64.4000015258789,30.0,15,2019,6,2
84.22377014160156,243.3000030517578,32.0,15,2019,6,2
59.440860748291016,122.8000030517578,37.0,15,2019,6,2
54.694297790527344,94.5999984741211,38.0,15,2019,6,2
72.8337173461914,204.5,39.0,15,2019,6,2
93.03223419189452,393.1000061035156,44.0,15,2019,6,2
92.0439682006836,46.400001525878906,5.0,16,2019,6,2
92.68157196044922,118.5999984741211,9.0,16,2019,6,2
93.22110748291016,271.20001220703125,11.0,16,2019,6,2
93.02178955078124,93.0,13.0,16,2019,6,2
93.14257049560548,55.20000076293945,25.0,16,2019,6,2
92.85770416259766,56.70000076293945,29.0,16,2019,6,2
77.27953338623047,28.600000381469727,30.0,16,2019,6,2
45.7775764465332,17.600000381469727,32.0,16,2019,6,2
53.67186737060547,52.09999847412109,37.0,16,2019,6,2
47.90155029296875,35.400001525878906,38.0,16,2019,6,2
32.34147644042969,48.5,39.0,16,2019,6,2
92.68619537353516,34.599998474121094,44.0,16,2019,6,2
92.93314361572266,20.899999618530277,5.0,17,2019,6,2
92.93566131591795,91.9000015258789,9.0,17,2019,6,2
93.2131805419922,95.3000030517578,11.0,17,2019,6,2
92.90113067626952,110.9000015258789,13.0,17,2019,6,2
92.37590789794922,22.399999618530277,25.0,17,2019,6,2
92.76044464111328,34.400001525878906,29.0,17,2019,6,2
58.905738830566406,39.900001525878906,30.0,17,2019,6,2
40.86625671386719,0.8999999761581421,32.0,17,2019,6,2
54.89069747924805,0.0,37.0,17,2019,6,2
40.47978973388672,18.600000381469727,38.0,17,2019,6,2
39.73676300048828,11.600000381469728,39.0,17,2019,6,2
92.60323333740234,39.400001525878906,44.0,17,2019,6,2
93.09827423095705,116.4000015258789,5.0,18,2019,6,2
93.05594635009766,97.9000015258789,9.0,18,2019,6,2
93.21105194091795,127.6999969482422,11.0,18,2019,6,2
93.01622772216795,112.9000015258789,13.0,18,2019,6,2
93.1245346069336,164.3000030517578,25.0,18,2019,6,2
92.2002944946289,137.60000610351562,29.0,18,2019,6,2
84.44644927978516,92.1999969482422,30.0,18,2019,6,2
89.80821990966797,38.5,32.0,18,2019,6,2
68.52798461914062,46.400001525878906,37.0,18,2019,6,2
78.10736083984375,148.10000610351562,38.0,18,2019,6,2
68.7466049194336,48.400001525878906,39.0,18,2019,6,2
92.74576568603516,155.10000610351562,44.0,18,2019,6,2
93.16890716552734,74.4000015258789,5.0,19,2019,6,2
92.72366333007812,54.20000076293945,9.0,19,2019,6,2
93.1185073852539,85.5999984741211,11.0,19,2019,6,2
93.11719512939452,189.1000061035156,13.0,19,2019,6,2
92.49222564697266,124.4000015258789,25.0,19,2019,6,2
92.84234619140624,96.0999984741211,29.0,19,2019,6,2
87.9793472290039,65.5999984741211,30.0,19,2019,6,2
90.9491958618164,138.3000030517578,32.0,19,2019,6,2
60.83127212524414,94.3000030517578,37.0,19,2019,6,2
63.19086456298828,56.29999923706055,38.0,19,2019,6,2
53.25142288208008,100.3000030517578,39.0,19,2019,6,2
91.80844116210938,118.0999984741211,44.0,19,2019,6,2
93.04206085205078,51.59999847412109,5.0,20,2019,6,2
92.9875717163086,105.3000030517578,9.0,20,2019,6,2
93.1695327758789,300.29998779296875,11.0,20,2019,6,2
92.88628387451172,90.6999969482422,13.0,20,2019,6,2
92.91670989990234,98.1999969482422,25.0,20,2019,6,2
93.20027923583984,45.79999923706055,29.0,20,2019,6,2
67.22539520263672,40.29999923706055,30.0,20,2019,6,2
60.08876037597656,23.5,32.0,20,2019,6,2
36.91051483154297,52.09999847412109,37.0,20,2019,6,2
53.638580322265625,43.0,38.0,20,2019,6,2
41.52556610107422,25.600000381469727,39.0,20,2019,6,2
93.1214828491211,31.700000762939453,44.0,20,2019,6,2
93.0274887084961,22.399999618530277,5.0,21,2019,6,2
92.40984344482422,50.79999923706055,9.0,21,2019,6,2
92.8013687133789,0.4000000059604645,11.0,21,2019,6,2
93.11447143554688,21.0,13.0,21,2019,6,2
92.90026092529295,8.5,25.0,21,2019,6,2
92.29914855957033,0.0,29.0,21,2019,6,2
56.80874633789063,1.7999999523162842,30.0,21,2019,6,2
43.936519622802734,0.8999999761581421,32.0,21,2019,6,2
64.40899658203125,0.0,37.0,21,2019,6,2
45.94879913330078,0.0,38.0,21,2019,6,2
41.76827239990234,1.100000023841858,39.0,21,2019,6,2
90.40271759033205,38.09999847412109,44.0,21,2019,6,2
93.21007537841795,129.5,5.0,22,2019,6,2
93.10323333740234,71.5999984741211,9.0,22,2019,6,2
92.93387603759766,95.0,11.0,22,2019,6,2
92.88336944580078,62.0,13.0,22,2019,6,2
93.11775970458984,163.6999969482422,25.0,22,2019,6,2
93.03662872314452,143.5,29.0,22,2019,6,2
85.22258758544922,75.80000305175781,30.0,22,2019,6,2
59.731101989746094,24.899999618530277,32.0,22,2019,6,2
54.15781021118164,28.0,37.0,22,2019,6,2
65.56079864501953,76.5999984741211,38.0,22,2019,6,2
57.15270233154297,23.100000381469727,39.0,22,2019,6,2
87.0502700805664,139.0,44.0,22,2019,6,2
92.63269805908205,110.5999984741211,5.0,23,2019,6,2
93.04204559326172,150.5,9.0,23,2019,6,2
92.76074981689452,151.8000030517578,11.0,23,2019,6,2
93.09017944335938,216.1000061035156,13.0,23,2019,6,2
93.12982940673828,194.0,25.0,23,2019,6,2
92.98001861572266,61.79999923706055,29.0,23,2019,6,2
79.43443298339844,68.0999984741211,30.0,23,2019,6,2
66.37400817871094,185.6999969482422,32.0,23,2019,6,2
61.11128616333008,85.9000015258789,37.0,23,2019,6,2
67.0085220336914,73.0999984741211,38.0,23,2019,6,2
74.27449798583984,127.5999984741211,39.0,23,2019,6,2
88.58451843261719,145.3000030517578,44.0,23,2019,6,2
92.89388275146484,39.70000076293945,5.0,24,2019,6,2
93.18965911865234,48.900001525878906,9.0,24,2019,6,2
93.15923309326172,87.30000305175781,11.0,24,2019,6,2
93.10999298095705,32.29999923706055,13.0,24,2019,6,2
93.21263122558594,94.4000015258789,25.0,24,2019,6,2
93.16419219970705,32.099998474121094,29.0,24,2019,6,2
74.72964477539062,69.4000015258789,30.0,24,2019,6,2
77.11650848388672,25.5,32.0,24,2019,6,2
63.564735412597656,59.29999923706055,37.0,24,2019,6,2
67.44890594482422,60.29999923706055,38.0,24,2019,6,2
64.9996337890625,81.19999694824219,39.0,24,2019,6,2
86.6406021118164,24.799999237060547,44.0,24,2019,6,2
93.20987701416016,22.399999618530277,5.0,25,2019,6,2
93.03839874267578,46.09999847412109,9.0,25,2019,6,2
93.16703033447266,0.0,11.0,25,2019,6,2
93.0838623046875,47.79999923706055,13.0,25,2019,6,2
92.953857421875,8.199999809265137,25.0,25,2019,6,2
92.97550201416016,4.199999809265137,29.0,25,2019,6,2
65.06546020507812,13.399999618530272,30.0,25,2019,6,2
54.77037811279297,0.0,32.0,25,2019,6,2
66.80306243896484,0.0,37.0,25,2019,6,2
60.2333869934082,32.20000076293945,38.0,25,2019,6,2
46.52619552612305,0.0,39.0,25,2019,6,2
93.13941192626952,1.899999976158142,44.0,25,2019,6,2
92.85287475585938,79.19999694824219,5.0,26,2019,6,2
92.51390838623048,48.59999847412109,9.0,26,2019,6,2
92.66670989990234,104.5999984741211,11.0,26,2019,6,2
92.89906311035156,34.900001525878906,13.0,26,2019,6,2
91.74349212646484,86.9000015258789,25.0,26,2019,6,2
92.65315246582033,99.0,29.0,26,2019,6,2
91.05506134033205,21.799999237060547,30.0,26,2019,6,2
40.61625289916992,1.2000000476837158,32.0,26,2019,6,2
61.287445068359375,7.300000190734863,37.0,26,2019,6,2
60.357540130615234,26.200000762939453,38.0,26,2019,6,2
42.47103500366211,8.100000381469727,39.0,26,2019,6,2
80.45287322998047,42.20000076293945,44.0,26,2019,6,2
90.95186614990234,110.4000015258789,5.0,27,2019,6,2
92.29390716552734,298.0,9.0,27,2019,6,2
91.92749786376952,310.1000061035156,11.0,27,2019,6,2
92.9823226928711,250.3000030517578,13.0,27,2019,6,2
88.97657012939453,171.39999389648438,25.0,27,2019,6,2
91.58281707763672,38.09999847412109,29.0,27,2019,6,2
49.89375305175781,25.399999618530277,30.0,27,2019,6,2
55.455078125,100.0999984741211,32.0,27,2019,6,2
65.40194702148438,37.5,37.0,27,2019,6,2
73.05606842041016,89.0999984741211,38.0,27,2019,6,2
56.62988662719727,47.79999923706055,39.0,27,2019,6,2
92.48663330078124,61.59999847412109,44.0,27,2019,6,2
92.9026870727539,62.70000076293945,5.0,28,2019,6,2
91.14892578125,30.399999618530277,9.0,28,2019,6,2
92.37149810791016,47.09999847412109,11.0,28,2019,6,2
92.57797241210938,7.800000190734863,13.0,28,2019,6,2
92.78763580322266,69.69999694824219,25.0,28,2019,6,2
92.74808502197266,124.1999969482422,29.0,28,2019,6,2
68.30879211425781,92.6999969482422,30.0,28,2019,6,2
65.7640609741211,127.6999969482422,32.0,28,2019,6,2
56.05637741088867,166.60000610351562,37.0,28,2019,6,2
51.0958251953125,172.10000610351562,38.0,28,2019,6,2
72.7885513305664,177.8000030517578,39.0,28,2019,6,2
92.62493133544922,385.2000122070313,44.0,28,2019,6,2
93.06256103515624,8.300000190734863,5.0,29,2019,6,2
92.4272232055664,4.900000095367432,9.0,29,2019,6,2
92.46849060058594,26.799999237060547,11.0,29,2019,6,2
92.59049224853516,48.5,13.0,29,2019,6,2
83.51802062988281,32.599998474121094,25.0,29,2019,6,2
86.96524810791016,5.699999809265137,29.0,29,2019,6,2
78.07201385498047,61.09999847412109,30.0,29,2019,6,2
47.639404296875,95.5,32.0,29,2019,6,2
55.877960205078125,70.80000305175781,37.0,29,2019,6,2
53.60247802734375,97.0999984741211,38.0,29,2019,6,2
53.06288909912109,131.60000610351562,39.0,29,2019,6,2
92.14081573486328,183.6999969482422,44.0,29,2019,6,2
93.05177307128906,100.5,5.0,30,2019,6,2
92.94464111328124,64.19999694824219,9.0,30,2019,6,2
93.19733428955078,76.69999694824219,11.0,30,2019,6,2
93.15752410888672,48.70000076293945,13.0,30,2019,6,2
93.1864242553711,118.4000015258789,25.0,30,2019,6,2
92.93224334716795,69.80000305175781,29.0,30,2019,6,2
85.23653411865234,54.70000076293945,30.0,30,2019,6,2
72.85700988769531,38.900001525878906,32.0,30,2019,6,2
89.78153228759766,32.20000076293945,37.0,30,2019,6,2
65.5489273071289,36.400001525878906,38.0,30,2019,6,2
43.097076416015625,34.70000076293945,39.0,30,2019,6,2
54.94330596923828,14.699999809265137,44.0,30,2019,6,2
93.11701202392578,72.30000305175781,5.0,31,2019,6,2
93.13520050048828,207.8000030517578,9.0,31,2019,6,2
93.1833724975586,228.5,11.0,31,2019,6,2
93.02749633789062,246.5,13.0,31,2019,6,2
92.95970153808594,91.5,25.0,31,2019,6,2
92.9538803100586,22.899999618530277,29.0,31,2019,6,2
85.43500518798828,22.799999237060547,30.0,31,2019,6,2
81.14398956298828,71.4000015258789,32.0,31,2019,6,2
88.87391662597656,47.0,37.0,31,2019,6,2
58.04716110229492,54.09999847412109,38.0,31,2019,6,2
62.19368362426758,31.600000381469727,39.0,31,2019,6,2
93.01368713378906,63.900001525878906,44.0,31,2019,6,2
93.07891082763672,31.5,5.0,32,2019,6,2
90.20784759521484,56.70000076293945,9.0,32,2019,6,2
93.00609588623048,0.0,11.0,32,2019,6,2
92.80345916748048,72.0999984741211,13.0,32,2019,6,2
88.95570373535156,34.5,25.0,32,2019,6,2
93.07061004638672,108.5999984741211,29.0,32,2019,6,2
53.909706115722656,56.400001525878906,30.0,32,2019,6,2
72.89336395263672,118.6999969482422,32.0,32,2019,6,2
76.50401306152344,123.5999984741211,37.0,32,2019,6,2
60.287200927734375,125.0999984741211,38.0,32,2019,6,2
71.40314483642578,117.4000015258789,39.0,32,2019,6,2
91.98616790771484,392.2000122070313,44.0,32,2019,6,2
92.45250701904295,47.09999847412109,5.0,33,2019,6,2
91.51590728759766,61.20000076293945,9.0,33,2019,6,2
92.92293548583984,74.19999694824219,11.0,33,2019,6,2
92.5861587524414,120.8000030517578,13.0,33,2019,6,2
87.80021667480469,81.69999694824219,25.0,33,2019,6,2
92.70853424072266,172.39999389648438,29.0,33,2019,6,2
63.99502182006836,131.3000030517578,30.0,33,2019,6,2
78.62602233886719,162.39999389648438,32.0,33,2019,6,2
65.24813842773438,117.0999984741211,37.0,33,2019,6,2
57.143348693847656,90.1999969482422,38.0,33,2019,6,2
73.81371307373047,228.6999969482422,39.0,33,2019,6,2
90.99803924560548,210.8999938964844,44.0,33,2019,6,2
93.15666961669922,96.3000030517578,5.0,34,2019,6,2
93.12519073486328,35.5,9.0,34,2019,6,2
92.91130065917967,31.899999618530277,11.0,34,2019,6,2
92.65274810791016,36.59999847412109,13.0,34,2019,6,2
92.91222381591795,101.9000015258789,25.0,34,2019,6,2
92.87725830078124,34.400001525878906,29.0,34,2019,6,2
89.50616455078125,44.900001525878906,30.0,34,2019,6,2
48.45042037963867,38.900001525878906,32.0,34,2019,6,2
49.32735443115234,32.20000076293945,37.0,34,2019,6,2
57.14253234863281,35.29999923706055,38.0,34,2019,6,2
43.96299743652344,34.70000076293945,39.0,34,2019,6,2
80.28087615966797,14.699999809265137,44.0,34,2019,6,2
92.94750213623048,34.900001525878906,5.0,35,2019,6,2
93.07282257080078,76.0,9.0,35,2019,6,2
92.42943572998048,35.900001525878906,11.0,35,2019,6,2
93.00255584716795,124.6999969482422,13.0,35,2019,6,2
92.21501922607422,135.1999969482422,25.0,35,2019,6,2
91.55115509033205,12.399999618530272,29.0,35,2019,6,2
70.31099700927734,16.100000381469727,30.0,35,2019,6,2
72.55144500732422,43.0,32.0,35,2019,6,2
89.85423278808594,34.5,37.0,35,2019,6,2
37.41987991333008,3.5999999046325684,38.0,35,2019,6,2
83.51569366455078,12.699999809265137,39.0,35,2019,6,2
93.09616088867188,56.59999847412109,44.0,35,2019,6,2
92.2973403930664,6.599999904632568,5.0,36,2019,6,2
92.1884994506836,36.09999847412109,9.0,36,2019,6,2
92.74391174316406,35.400001525878906,11.0,36,2019,6,2
92.87210845947266,88.5,13.0,36,2019,6,2
90.66753387451172,19.899999618530277,25.0,36,2019,6,2
91.29886627197266,9.899999618530272,29.0,36,2019,6,2
82.94085693359375,23.600000381469727,30.0,36,2019,6,2
92.77913665771484,9.699999809265137,32.0,36,2019,6,2
90.98334503173828,16.299999237060547,37.0,36,2019,6,2
51.92948532104492,5.699999809265137,38.0,36,2019,6,2
82.63765716552734,14.199999809265137,39.0,36,2019,6,2
93.00251770019533,29.100000381469727,44.0,36,2019,6,2
93.20711517333984,38.79999923706055,5.0,37,2019,6,2
93.08267211914062,100.0999984741211,9.0,37,2019,6,2
93.03472137451172,70.19999694824219,11.0,37,2019,6,2
92.70880889892578,113.4000015258789,13.0,37,2019,6,2
92.85039520263672,56.09999847412109,25.0,37,2019,6,2
91.14107513427734,192.8999938964844,29.0,37,2019,6,2
71.08631134033203,102.0999984741211,30.0,37,2019,6,2
50.39918518066406,67.19999694824219,32.0,37,2019,6,2
92.04666900634766,46.70000076293945,37.0,37,2019,6,2
44.44744110107422,25.299999237060547,38.0,37,2019,6,2
51.0068588256836,97.1999969482422,39.0,37,2019,6,2
91.2607192993164,27.200000762939453,44.0,37,2019,6,2
93.18347930908205,74.69999694824219,5.0,38,2019,6,2
93.13506317138672,70.5999984741211,9.0,38,2019,6,2
92.63977813720705,30.600000381469727,11.0,38,2019,6,2
93.10320281982422,112.0,13.0,38,2019,6,2
92.86382293701172,42.20000076293945,25.0,38,2019,6,2
92.58052825927734,67.30000305175781,29.0,38,2019,6,2
79.02661895751953,49.400001525878906,30.0,38,2019,6,2
77.52302551269531,7.099999904632568,32.0,38,2019,6,2
80.47708129882812,7.199999809265137,37.0,38,2019,6,2
73.77346801757812,3.0999999046325684,38.0,38,2019,6,2
56.21174621582031,7.800000190734863,39.0,38,2019,6,2
92.63084411621094,57.5,44.0,38,2019,6,2
92.801513671875,23.399999618530277,5.0,39,2019,6,2
91.19286346435548,69.0999984741211,9.0,39,2019,6,2
91.59449768066406,100.3000030517578,11.0,39,2019,6,2
93.10335540771484,116.5999984741211,13.0,39,2019,6,2
51.089500427246094,186.1999969482422,25.0,39,2019,6,2
85.15498352050781,20.200000762939453,29.0,39,2019,6,2
75.15408325195312,65.19999694824219,30.0,39,2019,6,2
70.30297088623047,3.900000095367432,32.0,39,2019,6,2
70.38654327392578,46.20000076293945,37.0,39,2019,6,2
54.92139434814453,34.400001525878906,38.0,39,2019,6,2
47.48786163330078,18.200000762939453,39.0,39,2019,6,2
74.83148193359375,17.200000762939453,44.0,39,2019,6,2
93.09229278564452,4.699999809265137,5.0,40,2019,6,2
92.81085205078124,0.0,9.0,40,2019,6,2
92.78563690185548,52.29999923706055,11.0,40,2019,6,2
93.0079116821289,24.200000762939453,13.0,40,2019,6,2
92.70671844482422,3.700000047683716,25.0,40,2019,6,2
92.96430206298828,5.900000095367432,29.0,40,2019,6,2
89.19945526123047,2.200000047683716,30.0,40,2019,6,2
81.07466888427734,0.0,32.0,40,2019,6,2
61.43061065673828,25.5,37.0,40,2019,6,2
73.37610626220703,0.0,38.0,40,2019,6,2
66.89276885986328,9.5,39.0,40,2019,6,2
93.10930633544922,0.0,44.0,40,2019,6,2
93.00788116455078,22.899999618530277,5.0,41,2019,6,2
93.2196273803711,146.8000030517578,9.0,41,2019,6,2
93.061279296875,91.4000015258789,11.0,41,2019,6,2
93.22818756103516,164.10000610351562,13.0,41,2019,6,2
92.34839630126952,74.80000305175781,25.0,41,2019,6,2
93.18047332763672,40.70000076293945,29.0,41,2019,6,2
62.74737548828125,63.70000076293945,30.0,41,2019,6,2
63.15471267700195,11.100000381469728,32.0,41,2019,6,2
53.1160774230957,6.599999904632568,37.0,41,2019,6,2
53.61219787597656,42.400001525878906,38.0,41,2019,6,2
59.99726104736328,5.199999809265137,39.0,41,2019,6,2
92.97982788085938,9.899999618530272,44.0,41,2019,6,2
93.1748275756836,120.1999969482422,5.0,42,2019,6,2
93.17945861816406,88.19999694824219,9.0,42,2019,6,2
93.17481231689452,54.0,11.0,42,2019,6,2
93.17646026611328,162.5,13.0,42,2019,6,2
92.94953155517578,86.0999984741211,25.0,42,2019,6,2
93.09571075439452,67.30000305175781,29.0,42,2019,6,2
74.51285552978516,58.09999847412109,30.0,42,2019,6,2
35.1964111328125,13.600000381469728,32.0,42,2019,6,2
85.33618927001953,21.0,37.0,42,2019,6,2
41.86933898925781,14.899999618530272,38.0,42,2019,6,2
38.03850173950195,21.399999618530277,39.0,42,2019,6,2
92.40535736083984,57.5,44.0,42,2019,6,2
93.0754623413086,79.30000305175781,5.0,43,2019,6,2
93.08016204833984,15.399999618530272,9.0,43,2019,6,2
93.09934997558594,90.3000030517578,11.0,43,2019,6,2
92.81729888916016,63.400001525878906,13.0,43,2019,6,2
89.49442291259766,151.5,25.0,43,2019,6,2
89.87873077392578,115.1999969482422,29.0,43,2019,6,2
88.01042175292969,103.1999969482422,30.0,43,2019,6,2
76.15837097167969,122.3000030517578,32.0,43,2019,6,2
91.9992446899414,153.0,37.0,43,2019,6,2
60.987335205078125,128.60000610351562,38.0,43,2019,6,2
76.04692840576172,127.3000030517578,39.0,43,2019,6,2
92.89012908935548,250.3000030517578,44.0,43,2019,6,2
93.14118957519533,1.399999976158142,5.0,44,2019,6,2
93.05371856689452,0.0,9.0,44,2019,6,2
92.9914093017578,33.900001525878906,11.0,44,2019,6,2
93.03365325927734,48.900001525878906,13.0,44,2019,6,2
92.48448944091795,0.0,25.0,44,2019,6,2
91.31906127929688,13.5,29.0,44,2019,6,2
81.29879760742188,0.8999999761581421,30.0,44,2019,6,2
47.69736099243164,20.0,32.0,44,2019,6,2
80.2046127319336,46.79999923706055,37.0,44,2019,6,2
48.05652618408203,42.900001525878906,38.0,44,2019,6,2
37.76871490478516,27.399999618530277,39.0,44,2019,6,2
91.7196273803711,39.400001525878906,44.0,44,2019,6,2
92.91807556152344,135.8000030517578,5.0,45,2019,6,2
93.17020416259766,244.1000061035156,9.0,45,2019,6,2
93.20532989501952,153.8000030517578,11.0,45,2019,6,2
93.21390533447266,385.0,13.0,45,2019,6,2
93.20996856689452,164.39999389648438,25.0,45,2019,6,2
93.19841003417967,82.9000015258789,29.0,45,2019,6,2
83.75054168701172,131.10000610351562,30.0,45,2019,6,2
84.31438446044922,123.5999984741211,32.0,45,2019,6,2
63.72792053222656,109.6999969482422,37.0,45,2019,6,2
65.72892761230469,63.70000076293945,38.0,45,2019,6,2
78.77762603759766,82.0,39.0,45,2019,6,2
91.5377426147461,55.09999847412109,44.0,45,2019,6,2
93.15900421142578,98.6999969482422,5.0,46,2019,6,2
93.12992095947266,221.3999938964844,9.0,46,2019,6,2
92.9822998046875,168.89999389648438,11.0,46,2019,6,2
93.1230010986328,205.8999938964844,13.0,46,2019,6,2
92.97457122802734,77.19999694824219,25.0,46,2019,6,2
93.15953826904295,34.400001525878906,29.0,46,2019,6,2
70.29175567626953,72.0,30.0,46,2019,6,2
50.318756103515625,6.5,32.0,46,2019,6,2
84.2778549194336,17.700000762939453,37.0,46,2019,6,2
45.47516632080078,38.400001525878906,38.0,46,2019,6,2
55.086219787597656,20.200000762939453,39.0,46,2019,6,2
92.83399963378906,0.0,44.0,46,2019,6,2
91.7995376586914,78.5,5.0,7,2020,6,2
90.55477142333984,29.899999618530277,9.0,7,2020,6,2
93.10778045654295,37.0,11.0,7,2020,6,2
92.93396759033205,68.9000015258789,13.0,7,2020,6,2
90.41802215576172,160.0,25.0,7,2020,6,2
92.98351287841795,108.0,29.0,7,2020,6,2
85.5246353149414,63.20000076293945,30.0,7,2020,6,2
75.14240264892578,118.5,32.0,7,2020,6,2
55.33316421508789,119.4000015258789,37.0,7,2020,6,2
68.71739959716797,97.8000030517578,38.0,7,2020,6,2
71.0233383178711,111.3000030517578,39.0,7,2020,6,2
93.02478790283205,237.8000030517578,44.0,7,2020,6,2
92.3651351928711,0.0,5.0,8,2020,6,2
89.14509582519531,6.400000095367432,9.0,8,2020,6,2
93.09185791015624,17.0,11.0,8,2020,6,2
92.68966674804688,60.29999923706055,13.0,8,2020,6,2
91.14595794677734,0.0,25.0,8,2020,6,2
92.37554931640624,7.599999904632568,29.0,8,2020,6,2
78.34938049316406,0.8999999761581421,30.0,8,2020,6,2
42.652000427246094,25.5,32.0,8,2020,6,2
40.52832794189453,21.299999237060547,37.0,8,2020,6,2
54.15129089355469,42.900001525878906,38.0,8,2020,6,2
27.472820281982425,18.600000381469727,39.0,8,2020,6,2
73.4269790649414,40.0,44.0,8,2020,6,2
91.9137954711914,114.1999969482422,5.0,9,2020,6,2
92.54750061035156,184.1999969482422,9.0,9,2020,6,2
93.19312286376952,85.19999694824219,11.0,9,2020,6,2
93.17058563232422,259.29998779296875,13.0,9,2020,6,2
92.01573944091795,110.3000030517578,25.0,9,2020,6,2
92.95469665527344,134.10000610351562,29.0,9,2020,6,2
59.22107696533203,119.1999969482422,30.0,9,2020,6,2
70.7108383178711,152.8000030517578,32.0,9,2020,6,2
51.89094924926758,118.0999984741211,37.0,9,2020,6,2
74.56249237060547,50.5,38.0,9,2020,6,2
65.73633575439453,81.19999694824219,39.0,9,2020,6,2
93.1678695678711,52.20000076293945,44.0,9,2020,6,2
93.0931167602539,53.20000076293945,5.0,10,2020,6,2
93.14154815673828,218.1999969482422,9.0,10,2020,6,2
93.07527923583984,171.6999969482422,11.0,10,2020,6,2
92.9363784790039,193.3000030517578,13.0,10,2020,6,2
92.1824722290039,37.70000076293945,25.0,10,2020,6,2
93.17185974121094,43.70000076293945,29.0,10,2020,6,2
67.75286102294922,64.30000305175781,30.0,10,2020,6,2
50.59453582763672,0.0,32.0,10,2020,6,2
43.96106719970703,12.199999809265137,37.0,10,2020,6,2
80.63353729248047,27.299999237060547,38.0,10,2020,6,2
58.80544662475586,6.599999904632568,39.0,10,2020,6,2
92.51375579833984,4.300000190734863,44.0,10,2020,6,2
93.1990737915039,65.0999984741211,5.0,11,2020,6,2
93.21975708007812,46.5,9.0,11,2020,6,2
92.83985137939452,134.10000610351562,11.0,11,2020,6,2
93.19852447509766,151.3000030517578,13.0,11,2020,6,2
92.087646484375,175.89999389648438,25.0,11,2020,6,2
93.1435775756836,46.400001525878906,29.0,11,2020,6,2
64.60877990722656,57.20000076293945,30.0,11,2020,6,2
61.89289093017578,79.0,32.0,11,2020,6,2
61.345008850097656,51.79999923706055,37.0,11,2020,6,2
67.08740234375,44.09999847412109,38.0,11,2020,6,2
61.42768096923828,21.299999237060547,39.0,11,2020,6,2
92.4144058227539,12.800000190734863,44.0,11,2020,6,2
93.16112518310548,0.0,5.0,12,2020,6,2
93.0727081298828,6.400000095367432,9.0,12,2020,6,2
93.08112335205078,0.0,11.0,12,2020,6,2
93.0953598022461,11.399999618530272,13.0,12,2020,6,2
90.82039642333984,0.0,25.0,12,2020,6,2
93.02259063720705,31.5,29.0,12,2020,6,2
51.55271911621094,0.0,30.0,12,2020,6,2
55.8066635131836,21.100000381469727,32.0,12,2020,6,2
77.6341323852539,0.0,37.0,12,2020,6,2
62.43326568603516,0.0,38.0,12,2020,6,2
71.50987243652344,14.800000190734863,39.0,12,2020,6,2
91.66791534423828,20.299999237060547,44.0,12,2020,6,2
92.49561309814452,1.2999999523162842,5.0,13,2020,6,2
89.48332977294922,88.69999694824219,9.0,13,2020,6,2
87.12866973876953,16.0,11.0,13,2020,6,2
86.37287902832031,104.0999984741211,13.0,13,2020,6,2
23.40094757080078,33.400001525878906,25.0,13,2020,6,2
40.08258056640625,104.6999969482422,29.0,13,2020,6,2
61.48925018310547,56.09999847412109,30.0,13,2020,6,2
42.09753036499024,54.400001525878906,32.0,13,2020,6,2
51.33863067626953,22.299999237060547,37.0,13,2020,6,2
62.62501907348633,32.400001525878906,38.0,13,2020,6,2
44.22604370117188,12.399999618530272,39.0,13,2020,6,2
92.8118133544922,7.099999904632568,44.0,13,2020,6,2
92.24835968017578,0.0,5.0,14,2020,6,2
92.86666870117188,70.9000015258789,9.0,14,2020,6,2
93.06297302246094,69.9000015258789,11.0,14,2020,6,2
92.82933807373048,109.5,13.0,14,2020,6,2
71.70421600341797,29.399999618530277,25.0,14,2020,6,2
93.0629653930664,9.300000190734863,29.0,14,2020,6,2
47.846797943115234,1.0,30.0,14,2020,6,2
42.67121124267578,0.0,32.0,14,2020,6,2
58.19923400878906,8.300000190734863,37.0,14,2020,6,2
63.91066360473633,0.699999988079071,38.0,14,2020,6,2
68.82386016845703,4.599999904632568,39.0,14,2020,6,2
92.40784454345705,5.900000095367432,44.0,14,2020,6,2
93.1349105834961,82.0,5.0,15,2020,6,2
93.03107452392578,69.80000305175781,9.0,15,2020,6,2
93.09668731689452,133.6999969482422,11.0,15,2020,6,2
93.13402557373048,109.5,13.0,15,2020,6,2
92.4459457397461,147.0,25.0,15,2020,6,2
92.30219268798828,55.20000076293945,29.0,15,2020,6,2
63.76913833618164,127.5,30.0,15,2020,6,2
86.9579086303711,129.39999389648438,32.0,15,2020,6,2
60.952518463134766,125.3000030517578,37.0,15,2020,6,2
63.3929443359375,77.9000015258789,38.0,15,2020,6,2
77.59376525878906,95.6999969482422,39.0,15,2020,6,2
90.31565856933594,100.6999969482422,44.0,15,2020,6,2
84.17561340332031,17.100000381469727,5.0,16,2020,6,2
62.17160415649414,12.300000190734863,9.0,16,2020,6,2
89.08474731445312,47.79999923706055,11.0,16,2020,6,2
91.00460815429688,60.70000076293945,13.0,16,2020,6,2
41.99980163574219,16.799999237060547,25.0,16,2020,6,2
89.61629486083984,73.9000015258789,29.0,16,2020,6,2
57.58726501464844,0.0,30.0,16,2020,6,2
44.564849853515625,32.900001525878906,32.0,16,2020,6,2
43.00178527832031,10.199999809265137,37.0,16,2020,6,2
56.03579711914063,9.199999809265137,38.0,16,2020,6,2
37.74581909179688,15.199999809265137,39.0,16,2020,6,2
92.8065414428711,31.600000381469727,44.0,16,2020,6,2
93.18424224853516,0.0,5.0,17,2020,6,2
90.7583465576172,45.59999847412109,9.0,17,2020,6,2
86.72225189208984,16.0,11.0,17,2020,6,2
92.76558685302734,80.0,13.0,17,2020,6,2
90.61402130126952,19.700000762939453,25.0,17,2020,6,2
87.97037506103516,34.79999923706055,29.0,17,2020,6,2
55.04518127441406,22.799999237060547,30.0,17,2020,6,2
39.37287139892578,14.399999618530272,32.0,17,2020,6,2
77.87297058105469,7.699999809265137,37.0,17,2020,6,2
51.47107696533203,3.200000047683716,38.0,17,2020,6,2
45.51752853393555,8.100000381469727,39.0,17,2020,6,2
89.19717407226562,0.1000000014901161,44.0,17,2020,6,2
92.60166931152344,21.899999618530277,5.0,18,2020,6,2
92.13794708251952,56.5,9.0,18,2020,6,2
91.61741638183594,67.5999984741211,11.0,18,2020,6,2
92.96894073486328,79.80000305175781,13.0,18,2020,6,2
78.43189239501953,56.59999847412109,25.0,18,2020,6,2
86.29064178466797,45.09999847412109,29.0,18,2020,6,2
49.37984085083008,0.0,30.0,18,2020,6,2
60.51268005371094,0.0,32.0,18,2020,6,2
38.14649200439453,0.0,37.0,18,2020,6,2
30.88065719604492,6.599999904632568,38.0,18,2020,6,2
39.4973030090332,11.5,39.0,18,2020,6,2
92.61957550048828,5.699999809265137,44.0,18,2020,6,2
92.80419158935548,93.6999969482422,5.0,19,2020,6,2
92.56810760498048,100.9000015258789,9.0,19,2020,6,2
92.8095474243164,98.0999984741211,11.0,19,2020,6,2
92.90489959716795,87.5999984741211,13.0,19,2020,6,2
91.69116973876952,190.6999969482422,25.0,19,2020,6,2
85.9648208618164,227.6000061035156,29.0,19,2020,6,2
73.91958618164062,201.1000061035156,30.0,19,2020,6,2
74.3011703491211,315.8999938964844,32.0,19,2020,6,2
49.90126800537109,292.0,37.0,19,2020,6,2
55.12883758544922,132.6999969482422,38.0,19,2020,6,2
40.82868194580078,249.6000061035156,39.0,19,2020,6,2
91.35338592529295,314.6000061035156,44.0,19,2020,6,2
93.13866424560548,35.70000076293945,5.0,20,2020,6,2
91.09636688232422,45.20000076293945,9.0,20,2020,6,2
92.3556137084961,49.400001525878906,11.0,20,2020,6,2
93.16466522216795,77.19999694824219,13.0,20,2020,6,2
83.72249603271484,53.70000076293945,25.0,20,2020,6,2
50.39571380615234,42.400001525878906,29.0,20,2020,6,2
53.83665466308594,25.799999237060547,30.0,20,2020,6,2
59.0012321472168,125.4000015258789,32.0,20,2020,6,2
69.73235321044922,85.30000305175781,37.0,20,2020,6,2
47.07709503173828,26.600000381469727,38.0,20,2020,6,2
39.17730712890625,106.6999969482422,39.0,20,2020,6,2
92.56549835205078,205.0,44.0,20,2020,6,2
93.05843353271484,10.800000190734863,5.0,21,2020,6,2
92.9352569580078,57.900001525878906,9.0,21,2020,6,2
92.9862823486328,0.0,11.0,21,2020,6,2
92.72283172607422,37.400001525878906,13.0,21,2020,6,2
92.5454559326172,36.900001525878906,25.0,21,2020,6,2
93.05433654785156,2.299999952316284,29.0,21,2020,6,2
58.525238037109375,0.0,30.0,21,2020,6,2
36.01813125610352,0.0,32.0,21,2020,6,2
43.984962463378906,0.0,37.0,21,2020,6,2
30.139381408691406,0.0,38.0,21,2020,6,2
46.22328186035156,0.0,39.0,21,2020,6,2
92.64683532714844,0.0,44.0,21,2020,6,2
88.0420150756836,21.899999618530277,5.0,22,2020,6,2
27.854433059692383,0.0,9.0,22,2020,6,2
35.53362274169922,27.600000381469727,11.0,22,2020,6,2
79.59955596923828,48.09999847412109,13.0,22,2020,6,2
55.94441223144531,31.600000381469727,25.0,22,2020,6,2
30.802490234375,45.09999847412109,29.0,22,2020,6,2
40.20374298095703,0.0,30.0,22,2020,6,2
36.15678787231445,0.0,32.0,22,2020,6,2
43.10686111450195,0.0,37.0,22,2020,6,2
42.4140853881836,6.599999904632568,38.0,22,2020,6,2
32.137176513671875,6.900000095367432,39.0,22,2020,6,2
70.96839141845703,4.099999904632568,44.0,22,2020,6,2
93.01966094970705,95.4000015258789,5.0,23,2020,6,2
93.0250473022461,322.29998779296875,9.0,23,2020,6,2
93.0655746459961,258.8999938964844,11.0,23,2020,6,2
92.6309585571289,267.6000061035156,13.0,23,2020,6,2
93.0393524169922,174.5,25.0,23,2020,6,2
93.1978530883789,248.1999969482422,29.0,23,2020,6,2
92.3765640258789,181.1000061035156,30.0,23,2020,6,2
90.8637466430664,277.29998779296875,32.0,23,2020,6,2
89.59937286376953,239.6999969482422,37.0,23,2020,6,2
91.62531280517578,112.5999984741211,38.0,23,2020,6,2
92.2459487915039,212.6999969482422,39.0,23,2020,6,2
92.2022705078125,227.8999938964844,44.0,23,2020,6,2
90.9764175415039,18.600000381469727,5.0,24,2020,6,2
48.25792694091797,32.900001525878906,9.0,24,2020,6,2
91.45897674560548,1.600000023841858,11.0,24,2020,6,2
84.07306671142578,16.5,13.0,24,2020,6,2
31.465274810791016,36.900001525878906,25.0,24,2020,6,2
22.79515838623047,0.0,29.0,24,2020,6,2
43.12528991699219,28.399999618530277,30.0,24,2020,6,2
66.01628112792969,110.8000030517578,32.0,24,2020,6,2
36.1484603881836,76.19999694824219,37.0,24,2020,6,2
26.69135856628418,18.100000381469727,38.0,24,2020,6,2
34.147369384765625,108.8000030517578,39.0,24,2020,6,2
57.31145858764648,227.1999969482422,44.0,24,2020,6,2
93.16908264160156,10.800000190734863,5.0,25,2020,6,2
91.57992553710938,57.900001525878906,9.0,25,2020,6,2
90.28343963623048,0.0,11.0,25,2020,6,2
93.0519790649414,37.400001525878906,13.0,25,2020,6,2
51.96204376220703,36.900001525878906,25.0,25,2020,6,2
88.55574798583984,2.299999952316284,29.0,25,2020,6,2
49.13011932373047,0.0,30.0,25,2020,6,2
48.45687103271485,0.0,32.0,25,2020,6,2
71.5777587890625,0.0,37.0,25,2020,6,2
48.07358551025391,0.0,38.0,25,2020,6,2
45.08634948730469,0.0,39.0,25,2020,6,2
92.122314453125,0.0,44.0,25,2020,6,2
92.72817993164062,8.600000381469727,5.0,26,2020,6,2
55.105506896972656,0.0,9.0,26,2020,6,2
45.340606689453125,74.0999984741211,11.0,26,2020,6,2
92.36951446533205,159.89999389648438,13.0,26,2020,6,2
56.87083435058594,41.400001525878906,25.0,26,2020,6,2
31.53655815124512,2.0,29.0,26,2020,6,2
53.26177597045898,4.699999809265137,30.0,26,2020,6,2
35.217750549316406,1.899999976158142,32.0,26,2020,6,2
55.011695861816406,0.0,37.0,26,2020,6,2
47.59410095214844,0.0,38.0,26,2020,6,2
43.91590118408203,0.0,39.0,26,2020,6,2
80.69782257080078,0.0,44.0,26,2020,6,2
92.9431381225586,29.799999237060547,5.0,27,2020,6,2
93.09517669677734,293.70001220703125,9.0,27,2020,6,2
93.17790985107422,287.5,11.0,27,2020,6,2
93.10091400146484,202.5,13.0,27,2020,6,2
93.11101531982422,73.5999984741211,25.0,27,2020,6,2
93.07935333251952,50.0,29.0,27,2020,6,2
67.25287628173828,66.9000015258789,30.0,27,2020,6,2
65.24678039550781,17.799999237060547,32.0,27,2020,6,2
37.26544189453125,35.099998474121094,37.0,27,2020,6,2
57.15879821777344,32.099998474121094,38.0,27,2020,6,2
50.532989501953125,40.79999923706055,39.0,27,2020,6,2
92.92931365966795,53.400001525878906,44.0,27,2020,6,2
89.49980163574219,0.0,5.0,28,2020,6,2
13.047038078308104,0.0,9.0,28,2020,6,2
35.95479202270508,92.5,11.0,28,2020,6,2
11.624837875366213,20.600000381469727,13.0,28,2020,6,2
15.120570182800291,3.799999952316284,25.0,28,2020,6,2
17.538490295410156,65.5999984741211,29.0,28,2020,6,2
17.877155303955078,2.5999999046325684,30.0,28,2020,6,2
51.13620376586914,2.700000047683716,32.0,28,2020,6,2
21.59513664245605,1.100000023841858,37.0,28,2020,6,2
10.95809268951416,1.899999976158142,38.0,28,2020,6,2
36.71588134765625,3.200000047683716,39.0,28,2020,6,2
88.22260284423828,34.099998474121094,44.0,28,2020,6,2
92.60616302490234,38.29999923706055,5.0,29,2020,6,2
86.79676055908203,28.899999618530277,9.0,29,2020,6,2
92.6449737548828,72.80000305175781,11.0,29,2020,6,2
92.85969543457033,99.1999969482422,13.0,29,2020,6,2
56.30917739868164,50.29999923706055,25.0,29,2020,6,2
77.03006744384766,90.3000030517578,29.0,29,2020,6,2
63.11991882324219,53.29999923706055,30.0,29,2020,6,2
35.413482666015625,59.900001525878906,32.0,29,2020,6,2
49.81907272338867,0.0,37.0,29,2020,6,2
51.323341369628906,0.0,38.0,29,2020,6,2
32.94090270996094,65.4000015258789,39.0,29,2020,6,2
91.87755584716795,0.0,44.0,29,2020,6,2
92.2714614868164,14.800000190734863,5.0,30,2020,6,2
69.81906127929688,28.0,9.0,30,2020,6,2
88.97087097167969,70.80000305175781,11.0,30,2020,6,2
90.3877182006836,124.6999969482422,13.0,30,2020,6,2
77.69440460205078,52.900001525878906,25.0,30,2020,6,2
27.570880889892575,18.899999618530277,29.0,30,2020,6,2
52.33943557739258,4.699999809265137,30.0,30,2020,6,2
43.05467224121094,15.699999809265137,32.0,30,2020,6,2
43.39293670654297,2.400000095367432,37.0,30,2020,6,2
47.39224243164063,0.0,38.0,30,2020,6,2
43.50629806518555,0.0,39.0,30,2020,6,2
88.44169616699219,26.600000381469727,44.0,30,2020,6,2
92.14484405517578,2.700000047683716,5.0,31,2020,6,2
82.64061737060547,27.5,9.0,31,2020,6,2
88.94518280029297,94.6999969482422,11.0,31,2020,6,2
92.57794189453124,10.600000381469728,13.0,31,2020,6,2
60.34189987182617,8.800000190734863,25.0,31,2020,6,2
50.19672393798828,10.399999618530272,29.0,31,2020,6,2
45.18834686279297,6.400000095367432,30.0,31,2020,6,2
52.59139633178711,6.0,32.0,31,2020,6,2
55.51322937011719,13.899999618530272,37.0,31,2020,6,2
42.28473281860352,15.800000190734863,38.0,31,2020,6,2
40.33294296264648,1.100000023841858,39.0,31,2020,6,2
91.6572036743164,58.79999923706055,44.0,31,2020,6,2
92.54138946533205,52.20000076293945,5.0,32,2020,6,2
90.64820861816406,63.400001525878906,9.0,32,2020,6,2
42.82909393310547,159.60000610351562,11.0,32,2020,6,2
92.7246551513672,124.8000030517578,13.0,32,2020,6,2
70.5697021484375,27.0,25.0,32,2020,6,2
82.49492645263672,92.8000030517578,29.0,32,2020,6,2
64.01233673095703,16.5,30.0,32,2020,6,2
56.81050491333008,48.79999923706055,32.0,32,2020,6,2
62.755706787109375,38.70000076293945,37.0,32,2020,6,2
45.51729583740234,5.5,38.0,32,2020,6,2
41.42251586914063,15.0,39.0,32,2020,6,2
90.35767364501952,26.100000381469727,44.0,32,2020,6,2
92.7855224609375,71.0,5.0,33,2020,6,2
93.12232971191406,132.5,9.0,33,2020,6,2
93.18973541259766,150.6999969482422,11.0,33,2020,6,2
93.16468811035156,156.3000030517578,13.0,33,2020,6,2
92.4818115234375,86.80000305175781,25.0,33,2020,6,2
93.04615020751952,174.3000030517578,29.0,33,2020,6,2
71.62383270263672,70.0,30.0,33,2020,6,2
62.19146728515625,64.30000305175781,32.0,33,2020,6,2
65.0161361694336,0.0,37.0,33,2020,6,2
47.13404846191406,43.0,38.0,33,2020,6,2
58.47076416015625,78.30000305175781,39.0,33,2020,6,2
93.01434326171876,23.700000762939453,44.0,33,2020,6,2
90.69243621826172,6.199999809265137,5.0,34,2020,6,2
27.59487533569336,28.0,9.0,34,2020,6,2
86.38603210449219,0.4000000059604645,11.0,34,2020,6,2
76.51345825195312,4.699999809265137,13.0,34,2020,6,2
47.1306266784668,15.199999809265137,25.0,34,2020,6,2
31.52055549621582,16.899999618530273,29.0,34,2020,6,2
35.61396408081055,1.100000023841858,30.0,34,2020,6,2
51.03010559082031,37.29999923706055,32.0,34,2020,6,2
21.60598945617676,12.100000381469728,37.0,34,2020,6,2
11.70412540435791,6.0,38.0,34,2020,6,2
27.60202980041504,14.600000381469728,39.0,34,2020,6,2
88.37104797363281,51.70000076293945,44.0,34,2020,6,2
86.44700622558594,3.5999999046325684,5.0,35,2020,6,2
24.741085052490234,11.199999809265137,9.0,35,2020,6,2
54.479148864746094,11.0,11.0,35,2020,6,2
47.519187927246094,92.9000015258789,13.0,35,2020,6,2
31.25965881347656,0.3000000119209289,25.0,35,2020,6,2
14.460271835327148,4.099999904632568,29.0,35,2020,6,2
33.42041778564453,1.5,30.0,35,2020,6,2
42.11623764038086,0.0,32.0,35,2020,6,2
27.33797836303711,0.0,37.0,35,2020,6,2
7.542720794677734,0.0,38.0,35,2020,6,2
51.52815628051758,0.0,39.0,35,2020,6,2
82.25968933105469,8.899999618530273,44.0,35,2020,6,2
91.56976318359376,52.20000076293945,5.0,36,2020,6,2
92.04932403564452,63.400001525878906,9.0,36,2020,6,2
92.4603500366211,67.0999984741211,11.0,36,2020,6,2
92.89009857177734,104.1999969482422,13.0,36,2020,6,2
68.11576843261719,45.79999923706055,25.0,36,2020,6,2
92.00530242919922,31.299999237060547,29.0,36,2020,6,2
44.23601531982422,16.5,30.0,36,2020,6,2
38.54340362548828,48.79999923706055,32.0,36,2020,6,2
52.81692123413086,38.70000076293945,37.0,36,2020,6,2
23.584510803222656,4.300000190734863,38.0,36,2020,6,2
38.05847930908203,15.0,39.0,36,2020,6,2
92.72698211669922,26.100000381469727,44.0,36,2020,6,2
93.06183624267578,34.5,5.0,37,2020,6,2
92.71134948730467,224.0,9.0,37,2020,6,2
89.76729583740234,142.6999969482422,11.0,37,2020,6,2
92.67237091064452,87.5999984741211,13.0,37,2020,6,2
84.54261016845703,51.09999847412109,25.0,37,2020,6,2
88.75843048095703,155.5,29.0,37,2020,6,2
65.46080780029297,47.20000076293945,30.0,37,2020,6,2
72.68236541748047,17.799999237060547,32.0,37,2020,6,2
57.08883285522461,39.29999923706055,37.0,37,2020,6,2
61.64552688598633,120.4000015258789,38.0,37,2020,6,2
50.97161102294922,15.899999618530272,39.0,37,2020,6,2
92.78929901123048,34.0,44.0,37,2020,6,2
87.60065460205078,2.400000095367432,5.0,38,2020,6,2
15.311647415161133,0.0,9.0,38,2020,6,2
26.26228141784668,0.0,11.0,38,2020,6,2
59.6617546081543,0.0,13.0,38,2020,6,2
55.71746826171875,3.700000047683716,25.0,38,2020,6,2
28.99339485168457,0.8999999761581421,29.0,38,2020,6,2
54.2762451171875,3.5999999046325684,30.0,38,2020,6,2
62.08204650878906,28.399999618530277,32.0,38,2020,6,2
69.99646759033203,10.199999809265137,37.0,38,2020,6,2
45.27804183959961,8.899999618530273,38.0,38,2020,6,2
65.65843200683594,14.600000381469728,39.0,38,2020,6,2
90.41104888916016,26.799999237060547,44.0,38,2020,6,2
90.39703369140624,7.400000095367432,5.0,39,2020,6,2
12.463274002075195,11.199999809265137,9.0,39,2020,6,2
37.41496276855469,10.800000190734863,11.0,39,2020,6,2
91.54496002197266,106.3000030517578,13.0,39,2020,6,2
58.422454833984375,6.900000095367432,25.0,39,2020,6,2
41.65612411499024,10.300000190734863,29.0,39,2020,6,2
44.25669097900391,4.900000095367432,30.0,39,2020,6,2
38.45783233642578,6.300000190734863,32.0,39,2020,6,2
53.391632080078125,0.3000000119209289,37.0,39,2020,6,2
10.262229919433594,0.3000000119209289,38.0,39,2020,6,2
52.245079040527344,0.4000000059604645,39.0,39,2020,6,2
88.35025787353516,15.899999618530272,44.0,39,2020,6,2
91.28789520263672,0.0,5.0,40,2020,6,2
50.2183723449707,0.0,9.0,40,2020,6,2
88.46660614013672,0.0,11.0,40,2020,6,2
63.44377517700195,0.0,13.0,40,2020,6,2
47.539546966552734,22.600000381469727,25.0,40,2020,6,2
37.70692443847656,4.099999904632568,29.0,40,2020,6,2
38.0118408203125,0.0,30.0,40,2020,6,2
41.46523284912109,0.0,32.0,40,2020,6,2
33.268917083740234,0.0,37.0,40,2020,6,2
24.2962589263916,0.0,38.0,40,2020,6,2
52.57746124267578,0.0,39.0,40,2020,6,2
92.51424407958984,28.700000762939453,44.0,40,2020,6,2
92.07028198242188,1.7999999523162842,5.0,41,2020,6,2
92.86685180664062,124.4000015258789,9.0,41,2020,6,2
93.06188201904295,107.5,11.0,41,2020,6,2
93.19859313964844,35.20000076293945,13.0,41,2020,6,2
61.13722229003906,29.200000762939453,25.0,41,2020,6,2
92.60399627685548,71.5,29.0,41,2020,6,2
65.46393585205078,40.09999847412109,30.0,41,2020,6,2
42.31798553466797,24.5,32.0,41,2020,6,2
55.02937316894531,39.29999923706055,37.0,41,2020,6,2
41.4434700012207,77.4000015258789,38.0,41,2020,6,2
44.775177001953125,4.300000190734863,39.0,41,2020,6,2
92.67510223388672,29.5,44.0,41,2020,6,2
92.33088684082033,22.100000381469727,5.0,42,2020,6,2
87.79113006591797,10.899999618530272,9.0,42,2020,6,2
92.80401611328124,36.59999847412109,11.0,42,2020,6,2
92.9980697631836,14.899999618530272,13.0,42,2020,6,2
70.03055572509766,0.0,25.0,42,2020,6,2
83.18160247802734,0.8999999761581421,29.0,42,2020,6,2
68.44866180419922,9.5,30.0,42,2020,6,2
50.531005859375,4.900000095367432,32.0,42,2020,6,2
46.66704559326172,1.0,37.0,42,2020,6,2
57.0583610534668,2.900000095367432,38.0,42,2020,6,2
44.73564910888672,0.5,39.0,42,2020,6,2
91.75067138671876,4.199999809265137,44.0,42,2020,6,2
87.25896453857422,6.099999904632568,5.0,43,2020,6,2
72.47466278076172,3.0,9.0,43,2020,6,2
52.11056518554688,1.2000000476837158,11.0,43,2020,6,2
88.54582977294922,26.399999618530277,13.0,43,2020,6,2
90.00556182861328,12.899999618530272,25.0,43,2020,6,2
23.889549255371094,22.0,29.0,43,2020,6,2
55.96977615356445,7.900000095367432,30.0,43,2020,6,2
90.7988052368164,21.100000381469727,32.0,43,2020,6,2
48.70465850830078,8.199999809265137,37.0,43,2020,6,2
69.74333953857422,17.0,38.0,43,2020,6,2
79.0423812866211,10.5,39.0,43,2020,6,2
90.94831085205078,27.600000381469727,44.0,43,2020,6,2
88.99654388427734,8.5,5.0,44,2020,6,2
31.228492736816406,0.0,9.0,44,2020,6,2
48.27245330810547,0.0,11.0,44,2020,6,2
35.85134506225586,0.0,13.0,44,2020,6,2
53.193172454833984,10.300000190734863,25.0,44,2020,6,2
8.923541069030762,0.0,29.0,44,2020,6,2
31.580663681030277,0.0,30.0,44,2020,6,2
36.73989868164063,29.100000381469727,32.0,44,2020,6,2
39.452545166015625,0.0,37.0,44,2020,6,2
23.751264572143555,0.0,38.0,44,2020,6,2
69.20391082763672,13.399999618530272,39.0,44,2020,6,2
70.68331146240234,31.700000762939453,44.0,44,2020,6,2
85.739990234375,21.299999237060547,5.0,45,2020,6,2
87.5268325805664,78.0999984741211,9.0,45,2020,6,2
90.8491439819336,118.0999984741211,11.0,45,2020,6,2
92.1811294555664,71.30000305175781,13.0,45,2020,6,2
81.87366485595703,48.20000076293945,25.0,45,2020,6,2
78.4606704711914,2.400000095367432,29.0,45,2020,6,2
55.34950637817383,28.100000381469727,30.0,45,2020,6,2
43.196319580078125,22.5,32.0,45,2020,6,2
27.2384033203125,3.5,37.0,45,2020,6,2
43.215118408203125,1.2999999523162842,38.0,45,2020,6,2
74.9293212890625,61.29999923706055,39.0,45,2020,6,2
92.96990203857422,101.1999969482422,44.0,45,2020,6,2
88.27287292480469,19.700000762939453,5.0,46,2020,6,2
74.52442169189453,78.0999984741211,9.0,46,2020,6,2
59.82784652709961,109.5999984741211,11.0,46,2020,6,2
88.54309844970703,47.400001525878906,13.0,46,2020,6,2
53.48827362060547,11.300000190734863,25.0,46,2020,6,2
47.9338493347168,0.0,29.0,46,2020,6,2
47.60011672973633,7.0,30.0,46,2020,6,2
60.62422943115234,0.0,32.0,46,2020,6,2
41.40333557128906,0.5,37.0,46,2020,6,2
38.59937286376953,19.100000381469727,38.0,46,2020,6,2
50.743202209472656,0.5,39.0,46,2020,6,2
78.17589569091797,2.5,44.0,46,2020,6,2
65.39720153808594,2.299999952316284,5.0,7,2021,6,2
31.680538177490234,3.0,9.0,7,2021,6,2
69.6817398071289,2.400000095367432,11.0,7,2021,6,2
64.16354370117188,19.399999618530277,13.0,7,2021,6,2
42.47183227539063,6.0,25.0,7,2021,6,2
14.17315673828125,15.800000190734863,29.0,7,2021,6,2
21.59482955932617,4.5,30.0,7,2021,6,2
28.844284057617188,14.800000190734863,32.0,7,2021,6,2
26.31735038757324,7.900000095367432,37.0,7,2021,6,2
14.087921142578123,16.700000762939453,38.0,7,2021,6,2
29.52512550354004,10.100000381469728,39.0,7,2021,6,2
87.23723602294922,14.0,44.0,7,2021,6,2
52.36593246459961,8.5,5.0,8,2021,6,2
5.704357147216797,0.0,9.0,8,2021,6,2
14.390421867370604,0.0,11.0,8,2021,6,2
8.371529579162598,0.0,13.0,8,2021,6,2
9.064711570739746,10.300000190734863,25.0,8,2021,6,2
11.637513160705566,0.0,29.0,8,2021,6,2
9.107871055603027,0.0,30.0,8,2021,6,2
26.324874877929688,29.100000381469727,32.0,8,2021,6,2
16.844310760498047,0.0,37.0,8,2021,6,2
3.031700611114502,0.0,38.0,8,2021,6,2
14.091645240783691,13.399999618530272,39.0,8,2021,6,2
27.91642951965332,3.0,44.0,8,2021,6,2
53.76647186279297,62.20000076293945,5.0,9,2021,6,2
12.200616836547852,112.0999984741211,9.0,9,2021,6,2
45.39484786987305,188.6999969482422,11.0,9,2021,6,2
76.41410064697266,128.89999389648438,13.0,9,2021,6,2
67.7400894165039,81.69999694824219,25.0,9,2021,6,2
83.28430938720703,39.0,29.0,9,2021,6,2
43.65535736083984,45.09999847412109,30.0,9,2021,6,2
28.730152130126957,68.4000015258789,32.0,9,2021,6,2
15.812463760375977,20.0,37.0,9,2021,6,2
40.60324096679688,19.399999618530277,38.0,9,2021,6,2
46.57057189941406,72.80000305175781,39.0,9,2021,6,2
89.9887466430664,154.60000610351562,44.0,9,2021,6,2
90.10311889648438,0.0,5.0,10,2021,6,2
70.09943389892578,76.19999694824219,9.0,10,2021,6,2
73.90485382080078,74.0,11.0,10,2021,6,2
91.73108673095705,35.29999923706055,13.0,10,2021,6,2
57.496124267578125,16.200000762939453,25.0,10,2021,6,2
48.9400520324707,0.800000011920929,29.0,10,2021,6,2
71.91289520263672,14.0,30.0,10,2021,6,2
52.99501800537109,17.399999618530273,32.0,10,2021,6,2
58.47052764892578,7.400000095367432,37.0,10,2021,6,2
48.51045989990234,23.700000762939453,38.0,10,2021,6,2
43.18278884887695,15.600000381469728,39.0,10,2021,6,2
88.1896743774414,63.70000076293945,44.0,10,2021,6,2
58.1513671875,32.5,5.0,11,2021,6,2
46.64356994628906,8.699999809265137,9.0,11,2021,6,2
37.60084915161133,14.300000190734863,11.0,11,2021,6,2
51.80992889404297,23.299999237060547,13.0,11,2021,6,2
37.45718383789063,15.899999618530272,25.0,11,2021,6,2
16.096729278564453,27.200000762939453,29.0,11,2021,6,2
25.32307243347168,2.299999952316284,30.0,11,2021,6,2
33.42052459716797,73.0,32.0,11,2021,6,2
11.87222671508789,47.59999847412109,37.0,11,2021,6,2
4.991365432739258,28.899999618530277,38.0,11,2021,6,2
34.03518295288086,33.599998474121094,39.0,11,2021,6,2
45.94847869873047,18.600000381469727,44.0,11,2021,6,2
49.86919784545898,0.0,5.0,12,2021,6,2
7.404017448425293,0.0,9.0,12,2021,6,2
24.463905334472656,0.0,11.0,12,2021,6,2
13.192510604858398,0.0,13.0,12,2021,6,2
4.288069725036621,0.0,25.0,12,2021,6,2
5.178042888641357,0.0,29.0,12,2021,6,2
6.314266681671143,0.0,30.0,12,2021,6,2
15.517298698425291,0.0,32.0,12,2021,6,2
5.482033729553223,0.0,37.0,12,2021,6,2
1.897955298423767,0.0,38.0,12,2021,6,2
5.813235282897949,0.0,39.0,12,2021,6,2
42.80841064453125,0.0,44.0,12,2021,6,2
92.9986343383789,47.0,5.0,13,2021,6,2
93.02889251708984,70.80000305175781,9.0,13,2021,6,2
73.48755645751953,114.4000015258789,11.0,13,2021,6,2
93.01985931396484,95.0999984741211,13.0,13,2021,6,2
80.6167221069336,52.70000076293945,25.0,13,2021,6,2
89.17609405517578,36.59999847412109,29.0,13,2021,6,2
60.67173004150391,32.20000076293945,30.0,13,2021,6,2
72.4555892944336,122.4000015258789,32.0,13,2021,6,2
36.030860900878906,50.5,37.0,13,2021,6,2
42.13971710205078,18.100000381469727,38.0,13,2021,6,2
66.6190414428711,67.69999694824219,39.0,13,2021,6,2
91.86554718017578,102.4000015258789,44.0,13,2021,6,2
41.5987663269043,0.0,5.0,14,2021,6,2
8.478954315185547,9.0,9.0,14,2021,6,2
26.720399856567383,1.0,11.0,14,2021,6,2
56.45040512084961,2.799999952316284,13.0,14,2021,6,2
34.80790710449219,4.900000095367432,25.0,14,2021,6,2
13.628541946411133,0.800000011920929,29.0,14,2021,6,2
39.09696578979492,14.0,30.0,14,2021,6,2
38.53360748291016,17.399999618530273,32.0,14,2021,6,2
21.65149307250977,7.599999904632568,37.0,14,2021,6,2
23.945636749267575,4.599999904632568,38.0,14,2021,6,2
27.89191627502441,25.5,39.0,14,2021,6,2
26.643199920654297,78.4000015258789,44.0,14,2021,6,2
48.61563873291016,32.5,5.0,15,2021,6,2
33.2375602722168,8.699999809265137,9.0,15,2021,6,2
47.675048828125,13.800000190734863,11.0,15,2021,6,2
91.2834701538086,18.799999237060547,13.0,15,2021,6,2
19.93925094604492,16.0,25.0,15,2021,6,2
26.98185539245605,27.200000762939453,29.0,15,2021,6,2
5.620005130767822,2.299999952316284,30.0,15,2021,6,2
44.94767761230469,73.19999694824219,32.0,15,2021,6,2
16.459917068481445,47.59999847412109,37.0,15,2021,6,2
18.28960418701172,28.899999618530277,38.0,15,2021,6,2
24.703109741210938,33.79999923706055,39.0,15,2021,6,2
83.87804412841797,18.600000381469727,44.0,15,2021,6,2
68.05718994140625,0.0,5.0,16,2021,6,2
15.855015754699709,10.300000190734863,9.0,16,2021,6,2
38.548248291015625,0.0,11.0,16,2021,6,2
23.455501556396484,18.299999237060547,13.0,16,2021,6,2
4.964957237243652,0.0,25.0,16,2021,6,2
5.223089218139648,0.0,29.0,16,2021,6,2
4.855931282043457,0.0,30.0,16,2021,6,2
6.022078990936279,0.0,32.0,16,2021,6,2
5.026664733886719,0.0,37.0,16,2021,6,2
2.821075916290283,0.0,38.0,16,2021,6,2
7.005094051361084,0.0,39.0,16,2021,6,2
17.57050895690918,0.0,44.0,16,2021,6,2
91.61788940429688,6.099999904632568,5.0,17,2021,6,2
71.1876449584961,218.3999938964844,9.0,17,2021,6,2
88.21702575683594,32.29999923706055,11.0,17,2021,6,2
92.01178741455078,73.5999984741211,13.0,17,2021,6,2
79.17012023925781,12.5,25.0,17,2021,6,2
51.79340362548828,17.700000762939453,29.0,17,2021,6,2
67.20642852783203,5.599999904632568,30.0,17,2021,6,2
37.09646224975586,65.4000015258789,32.0,17,2021,6,2
28.32698631286621,34.0,37.0,17,2021,6,2
17.41119956970215,0.0,38.0,17,2021,6,2
38.59511566162109,54.900001525878906,39.0,17,2021,6,2
92.3491668701172,29.799999237060547,44.0,17,2021,6,2
25.20415496826172,69.0,5.0,18,2021,6,2
4.09541130065918,16.200000762939453,9.0,18,2021,6,2
39.215309143066406,10.600000381469728,11.0,18,2021,6,2
36.79511260986328,67.19999694824219,13.0,18,2021,6,2
21.53726577758789,20.399999618530277,25.0,18,2021,6,2
18.26529693603516,10.100000381469728,29.0,18,2021,6,2
7.625185012817383,0.0,30.0,18,2021,6,2
40.86899185180664,0.0,32.0,18,2021,6,2
33.96039962768555,0.2000000029802322,37.0,18,2021,6,2
10.642437934875488,0.4000000059604645,38.0,18,2021,6,2
10.685232162475586,9.899999618530272,39.0,18,2021,6,2
37.482521057128906,56.59999847412109,44.0,18,2021,6,2
42.34225463867188,0.0,5.0,19,2021,6,2
19.50945854187012,0.0,9.0,19,2021,6,2
18.43741226196289,0.800000011920929,11.0,19,2021,6,2
12.988762855529783,1.899999976158142,13.0,19,2021,6,2
5.0001420974731445,0.1000000014901161,25.0,19,2021,6,2
4.421048164367676,0.0,29.0,19,2021,6,2
4.620428562164307,0.0,30.0,19,2021,6,2
6.138642311096191,0.2000000029802322,32.0,19,2021,6,2
2.996012687683105,0.0,37.0,19,2021,6,2
2.03345251083374,0.0,38.0,19,2021,6,2
3.9872384071350098,0.2000000029802322,39.0,19,2021,6,2
28.59803009033203,0.0,44.0,19,2021,6,2
83.9736328125,55.900001525878906,5.0,20,2021,6,2
72.38654327392578,14.300000190734863,9.0,20,2021,6,2
89.03813171386719,0.0,11.0,20,2021,6,2
90.95829010009766,23.799999237060547,13.0,20,2021,6,2
44.565799713134766,67.5999984741211,25.0,20,2021,6,2
23.279939651489254,0.0,29.0,20,2021,6,2
64.24905395507812,54.5,30.0,20,2021,6,2
50.69104766845703,0.0,32.0,20,2021,6,2
28.246562957763672,0.0,37.0,20,2021,6,2
10.753296852111816,0.0,38.0,20,2021,6,2
40.79303359985352,0.0,39.0,20,2021,6,2
76.85356903076172,2.5999999046325684,44.0,20,2021,6,2
89.97932434082031,0.0,5.0,21,2021,6,2
45.19471740722656,199.6999969482422,9.0,21,2021,6,2
79.87373352050781,32.70000076293945,11.0,21,2021,6,2
93.12179565429688,61.0,13.0,21,2021,6,2
47.80034637451172,24.299999237060547,25.0,21,2021,6,2
40.17285919189453,17.700000762939453,29.0,21,2021,6,2
52.18894958496094,0.0,30.0,21,2021,6,2
45.68925094604492,2.5999999046325684,32.0,21,2021,6,2
34.758544921875,0.0,37.0,21,2021,6,2
37.15512466430664,0.0,38.0,21,2021,6,2
44.21643829345703,0.5,39.0,21,2021,6,2
92.28140258789062,1.2999999523162842,44.0,21,2021,6,2
78.03199005126953,69.0,5.0,22,2021,6,2
32.07874298095703,27.600000381469727,9.0,22,2021,6,2
71.42818450927734,31.399999618530277,11.0,22,2021,6,2
85.89949798583984,79.30000305175781,13.0,22,2021,6,2
30.82770156860352,20.399999618530277,25.0,22,2021,6,2
17.09218978881836,24.200000762939453,29.0,22,2021,6,2
43.84371948242188,0.2000000029802322,30.0,22,2021,6,2
33.81242370605469,0.0,32.0,22,2021,6,2
21.232357025146484,0.0,37.0,22,2021,6,2
9.831539154052734,2.799999952316284,38.0,22,2021,6,2
17.961254119873047,0.0,39.0,22,2021,6,2
65.66193389892578,45.0,44.0,22,2021,6,2
60.58919143676758,0.0,5.0,23,2021,6,2
12.299090385437012,24.600000381469727,9.0,23,2021,6,2
31.426610946655277,63.5,11.0,23,2021,6,2
54.644020080566406,34.20000076293945,13.0,23,2021,6,2
4.184444904327393,0.0,25.0,23,2021,6,2
1.873168706893921,0.0,29.0,23,2021,6,2
3.0768966674804688,0.0,30.0,23,2021,6,2
2.122359275817871,0.5,32.0,23,2021,6,2
0.881415843963623,3.700000047683716,37.0,23,2021,6,2
1.0978091955184937,0.0,38.0,23,2021,6,2
-1.738409399986267,0.4000000059604645,39.0,23,2021,6,2
3.86179780960083,0.0,44.0,23,2021,6,2
48.707313537597656,55.900001525878906,5.0,24,2021,6,2
19.285343170166016,4.0,9.0,24,2021,6,2
27.319530487060547,0.0,11.0,24,2021,6,2
22.084308624267575,5.5,13.0,24,2021,6,2
21.634811401367188,67.5999984741211,25.0,24,2021,6,2
9.616374969482422,0.0,29.0,24,2021,6,2
56.28533554077149,54.5,30.0,24,2021,6,2
34.925960540771484,0.3000000119209289,32.0,24,2021,6,2
14.530684471130373,0.0,37.0,24,2021,6,2
14.034058570861816,0.0,38.0,24,2021,6,2
29.56325912475586,17.700000762939453,39.0,24,2021,6,2
44.57030487060547,43.59999847412109,44.0,24,2021,6,2
11.301233291625977,0.0,5.0,25,2021,6,2
7.018935680389404,14.100000381469728,9.0,25,2021,6,2
20.16558837890625,1.5,11.0,25,2021,6,2
23.37122917175293,20.200000762939453,13.0,25,2021,6,2
30.1817626953125,16.399999618530273,25.0,25,2021,6,2
6.104414939880371,0.0,29.0,25,2021,6,2
7.832871437072754,0.0,30.0,25,2021,6,2
27.97616195678711,2.5999999046325684,32.0,25,2021,6,2
1.66435968875885,0.0,37.0,25,2021,6,2
8.7338228225708,0.0,38.0,25,2021,6,2
17.30779457092285,0.5,39.0,25,2021,6,2
27.61729431152344,1.2999999523162842,44.0,25,2021,6,2
70.44841766357422,0.0,5.0,26,2021,6,2
24.809669494628903,11.399999618530272,9.0,26,2021,6,2
25.908653259277344,20.799999237060547,11.0,26,2021,6,2
34.469940185546875,12.100000381469728,13.0,26,2021,6,2
14.434948921203612,0.0,25.0,26,2021,6,2
4.522454738616943,14.100000381469728,29.0,26,2021,6,2
33.34141540527344,0.2000000029802322,30.0,26,2021,6,2
23.223403930664062,0.0,32.0,26,2021,6,2
9.260272026062012,0.0,37.0,26,2021,6,2
14.314659118652344,2.400000095367432,38.0,26,2021,6,2
19.05956649780273,0.0,39.0,26,2021,6,2
92.14899444580078,3.0999999046325684,44.0,26,2021,6,2
